role,user_id,event_id,event_name,reach,expense,budget,city,country,status,forward_ga
user,hcuddyg@telegraph.co.uk,62d3b99ffc13ae55b700014a,Republic Day,28202,$7570.33,$5589.05,Seattle,United States,true,true
user,gwehnerr6@sciencedaily.com,62d3b99ffc13ae55b700014b,Baisakhi,66508,$8757.17,$8277.92,Jember,Indonesia,true,false
user,hcuddyg@telegraph.co.uk,62d3b99ffc13ae55b700014c,Independence Day,1194,$3010.74,$5740.96,Sevilla,Colombia,true,false
user,odumbleton12@infoseek.co.jp,62d3b99ffc13ae55b700014d,Krishna Janmashtami,85467,$3467.35,$8108.55,Veracruz,Panama,true,false
user,oskehane@ovh.net,62d3b99ffc13ae55b700014e,Independence Day,39552,$9628.02,$4283.50,Las Matas de Farfán,Dominican Republic,true,true
user,cjanssonp@va.gov,62d3b99ffc13ae55b700014f,Makar Sankranti,80783,$8108.37,$1392.35,Bafilo,Togo,false,true
user,mnodeso@parallels.com,62d3b99ffc13ae55b7000150,Christmas,2405,$9044.06,$2637.55,Catia La Mar,Venezuela,true,true
user,oskehane@ovh.net,62d3b99ffc13ae55b7000151,Eid-Ul-Fitr,93733,$6374.12,$7085.12,Jinchuan,China,false,true
user,vtregidoi@bbc.co.uk,62d3b99ffc13ae55b7000152,Chhath Puja,22818,$8121.86,$4183.77,Gora,Nigeria,false,false
user,oskehane@ovh.net,62d3b99ffc13ae55b7000153,Ugadi,41385,$8757.54,$7266.58,Landázuri,Colombia,true,true
user,cwayte18@springer.com,62d3b99ffc13ae55b7000154,Govardhan Puja,37715,$9473.55,$8491.96,Cinangka,Indonesia,true,true
user,oskehane@ovh.net,62d3b99ffc13ae55b7000155,Govardhan Puja,46466,$6656.36,$1848.38,Daixi,China,true,false
user,cwayte18@springer.com,62d3b99ffc13ae55b7000156,Easter,81683,$1202.07,$4322.68,Solntsevo,Russia,true,false
user,hcuddyg@telegraph.co.uk,62d3b99ffc13ae55b7000157,Buddha Jayanti,11805,$2508.62,$7946.58,Leku,Ethiopia,true,false
user,eagirret@senate.gov,62d3b99ffc13ae55b7000158,Buddha Jayanti,68420,$2466.88,$6740.66,Sinop,Brazil,true,false
user,oskehane@ovh.net,62d3b99ffc13ae55b7000159,Christmas,35785,$2597.43,$4807.76,Gagarin,Armenia,false,true
user,hcuddyg@telegraph.co.uk,62d3b99ffc13ae55b700015a,Baisakhi,82860,$6346.38,$5598.85,Lidingö,Sweden,true,true
user,mnodeso@parallels.com,62d3b99ffc13ae55b700015b,Camel Festival,1321,$3132.48,$4895.46,São Gonçalo do Amarante,Brazil,true,true
user,cjanssonp@va.gov,62d3b99ffc13ae55b700015c,Dussehra,88386,$3102.81,$8294.98,Kedungkrajan,Indonesia,false,true
user,hcuddyg@telegraph.co.uk,62d3b99ffc13ae55b700015d,Eid-Ul-Fitr,66032,$8582.61,$7035.30,Huangtan,China,false,false
user,gwehnerr6@sciencedaily.com,62d3b99ffc13ae55b700015e,Losar,25598,$3488.66,$7863.96,Jinquan,China,false,false
user,cjanssonp@va.gov,62d3b99ffc13ae55b700015f,Ganesh Chaturthi,39118,$7628.88,$3649.13,Shazhouba,China,true,false
user,gwehnerr6@sciencedaily.com,62d3b99ffc13ae55b7000160,Buddha Jayanti,2916,$7023.26,$3929.36,Huangdi,China,true,false
user,mmcviey@bbc.co.uk,62d3b99ffc13ae55b7000161,Gurpurab,23046,$8861.23,$7930.09,Narok,Kenya,false,true
user,gwehnerr6@sciencedaily.com,62d3b99ffc13ae55b7000162,Mewar Festival,39181,$1398.68,$6613.42,Dumlan,Philippines,false,false
user,cwayte18@springer.com,62d3b99ffc13ae55b7000163,Bihu,90995,$3153.80,$2669.98,Liujiachang,China,true,true
user,mnodeso@parallels.com,62d3b99ffc13ae55b7000164,Kumbh Mela,10917,$8916.29,$6044.88,Xueshan,China,false,false
user,vtregidoi@bbc.co.uk,62d3b99ffc13ae55b7000165,Raksha Bandhan,59204,$8902.92,$7464.65,Oslo,Norway,true,true
user,vtregidoi@bbc.co.uk,62d3b99ffc13ae55b7000166,Chhath Puja,92993,$2984.69,$5542.05,Jikamshi,Nigeria,false,false
user,cwayte18@springer.com,62d3b99ffc13ae55b7000167,Buddha Jayanti,71323,$6275.91,$2358.15,Tadjoura,Djibouti,false,true
user,eagirret@senate.gov,62d3b99ffc13ae55b7000168,Christmas,93322,$6877.62,$6468.19,Cihaurbeuti,Indonesia,false,false
user,hcuddyg@telegraph.co.uk,62d3b99ffc13ae55b7000169,Durga Puja,54789,$9952.37,$5355.58,San Juan,Philippines,false,false
user,cwayte18@springer.com,62d3b99ffc13ae55b700016a,Easter,18226,$1950.65,$1926.00,Capulaan,Philippines,false,false
user,gwehnerr6@sciencedaily.com,62d3b99ffc13ae55b700016b,Gudi Padwa,2183,$3653.92,$5464.20,Tall Ḩamīs,Syria,false,true
user,gwehnerr6@sciencedaily.com,62d3b99ffc13ae55b700016c,Independence Day,83186,$2262.63,$8343.52,Forécariah,Guinea,true,true
user,cjanssonp@va.gov,62d3b99ffc13ae55b700016d,Durga Puja,34506,$5126.35,$4786.92,Jiujiang,China,false,false
user,hcuddyg@telegraph.co.uk,62d3b99ffc13ae55b700016e,Thrissur Pooram,44124,$8412.69,$6159.72,Xinqiao,China,false,true
user,eblaney14@berkeley.edu,62d3b99ffc13ae55b700016f,Kumbh Mela,33325,$4567.94,$5686.14,Pondokdalem,Indonesia,false,false
user,ogunney4@scientificamerican.com,62d3b99ffc13ae55b7000170,Chhath Puja,41376,$2905.02,$4629.36,Pajung,Indonesia,true,true
user,geayres11@alibaba.com,62d3b99ffc13ae55b7000171,Eid-Ul-Fitr,35767,$9520.07,$3919.89,Gorna Oryakhovitsa,Bulgaria,true,false
user,gwehnerr6@sciencedaily.com,62d3b99ffc13ae55b7000172,Losar,83817,$7406.22,$6129.93,Taypano,Philippines,false,true
user,hcuddyg@telegraph.co.uk,62d3b99ffc13ae55b7000173,Maha Shivratri,39505,$5922.11,$8087.03,Bugana,Nigeria,true,false
user,cwayte18@springer.com,62d3b99ffc13ae55b7000174,Onam,23403,$8173.11,$9283.61,Xiaoling,China,false,true
user,mmcviey@bbc.co.uk,62d3b99ffc13ae55b7000175,Baisakhi,94538,$9444.34,$6550.10,Floriano,Brazil,true,false
user,odumbleton12@infoseek.co.jp,62d3b99ffc13ae55b7000176,Christmas,43877,$8439.19,$1246.43,Isojoki,Finland,true,false
user,vtregidoi@bbc.co.uk,62d3b99ffc13ae55b7000177,Thrissur Pooram,46623,$5237.73,$1840.80,Notsé,Togo,true,false
user,eblaney14@berkeley.edu,62d3b99ffc13ae55b7000178,Raksha Bandhan,3611,$6125.91,$3574.26,Junik,Kosovo,false,true
user,geayres11@alibaba.com,62d3b99ffc13ae55b7000179,Durga Puja,50818,$2721.22,$2882.78,Zhuangta,China,false,false
user,cwayte18@springer.com,62d3b99ffc13ae55b700017a,Diwali,64517,$2989.40,$3273.44,Sucha,Poland,false,false
user,eagirret@senate.gov,62d3b99ffc13ae55b700017b,Diwali,49301,$2733.39,$2934.42,Matalam,Philippines,true,true
user,vtregidoi@bbc.co.uk,62d3b99ffc13ae55b700017c,Ratha Yatra,86013,$5043.08,$3371.82,Paritjunus,Indonesia,false,true
user,eblaney14@berkeley.edu,62d3b99ffc13ae55b700017d,Onam,20134,$3994.40,$8570.25,Timbó,Brazil,true,false
user,ogunney4@scientificamerican.com,62d3b99ffc13ae55b700017e,Ugadi,68544,$7767.97,$6115.34,Abaeté,Brazil,false,true
user,oskehane@ovh.net,62d3b99ffc13ae55b700017f,Buddha Jayanti,64407,$5197.83,$5247.43,Neẖalim,Israel,true,true
user,eagirret@senate.gov,62d3b99ffc13ae55b7000180,Basant Panchami,67735,$4598.33,$5455.98,Negreiros,Portugal,false,false
user,ogunney4@scientificamerican.com,62d3b99ffc13ae55b7000181,Durga Puja,94801,$8867.57,$2607.27,Bernardo Larroudé,Argentina,false,true
user,gwehnerr6@sciencedaily.com,62d3b99ffc13ae55b7000182,Mewar Festival,18879,$6246.64,$7508.36,Lenakapa,Indonesia,false,true
user,oskehane@ovh.net,62d3b99ffc13ae55b7000183,Ugadi,51663,$7184.92,$6395.63,"Palmas De Gran Canaria, Las",Spain,false,false
user,cwayte18@springer.com,62d3b99ffc13ae55b7000184,Gudi Padwa,75267,$1817.82,$6669.35,San Jose,Philippines,true,false
user,ybrettel5@youku.com,62d3b99ffc13ae55b7000185,Navratri,85181,$6471.67,$4434.93,Steinkjer,Norway,false,true
user,ybrettel5@youku.com,62d3b99ffc13ae55b7000186,Makar Sankranti,46754,$4951.78,$2815.34,Ondangwa,Namibia,false,true
user,oskehane@ovh.net,62d3b99ffc13ae55b7000187,Onam,99554,$7727.16,$6516.53,Icó,Brazil,false,true
user,mnodeso@parallels.com,62d3b99ffc13ae55b7000188,Ugadi,37793,$1012.44,$3412.52,Kamenka,Russia,false,true
user,vtregidoi@bbc.co.uk,62d3b99ffc13ae55b7000189,Krishna Janmashtami,63304,$6312.83,$5670.33,Taiping,Malaysia,false,false
user,eblaney14@berkeley.edu,62d3b99ffc13ae55b700018a,Govardhan Puja,54453,$4919.10,$6894.63,Semënov,Russia,false,true
user,geayres11@alibaba.com,62d3b99ffc13ae55b700018b,Camel Festival,28207,$8851.36,$2142.37,Mīāndoāb,Iran,false,false
user,odumbleton12@infoseek.co.jp,62d3b99ffc13ae55b700018c,Republic Day,78500,$4734.06,$9419.88,Uychi,Uzbekistan,true,false
user,mmcviey@bbc.co.uk,62d3b99ffc13ae55b700018d,Republic Day,61656,$3811.12,$2659.07,Báguanos,Cuba,false,false
user,mnodeso@parallels.com,62d3b99ffc13ae55b700018e,Diwali,37640,$1927.57,$3647.96,Huangtan,China,true,true
user,vtregidoi@bbc.co.uk,62d3b99ffc13ae55b700018f,Buddha Jayanti,82350,$5164.43,$7097.24,Ganja,Azerbaijan,true,false
user,hcuddyg@telegraph.co.uk,62d3b99ffc13ae55b7000190,Makar Sankranti,81081,$6946.74,$9550.26,Tongzi,China,true,false
user,eagirret@senate.gov,62d3b99ffc13ae55b7000191,Losar,21259,$8637.90,$5425.77,Coari,Brazil,false,false
user,oskehane@ovh.net,62d3b99ffc13ae55b7000192,Pongal,34773,$3390.39,$4522.41,Haolibao,China,true,false
user,ybrettel5@youku.com,62d3b99ffc13ae55b7000193,Onam,46698,$1264.61,$6989.78,Chenzhouzhai,China,true,true
user,gwehnerr6@sciencedaily.com,62d3b99ffc13ae55b7000194,Basant Panchami,80894,$4858.86,$3403.89,Toyama-shi,Japan,true,true
user,cjanssonp@va.gov,62d3b99ffc13ae55b7000195,Hemis,18461,$5271.68,$2850.48,Floresta,Brazil,true,true
user,hcuddyg@telegraph.co.uk,62d3b99ffc13ae55b7000196,Kumbh Mela,27605,$1945.01,$5043.98,Amberd,Armenia,false,true
user,cwayte18@springer.com,62d3b99ffc13ae55b7000197,Durga Puja,3302,$9229.08,$2019.67,Kozelets’,Ukraine,false,false
user,eagirret@senate.gov,62d3b99ffc13ae55b7000198,Diwali,35825,$3976.99,$8710.57,Rancakole,Indonesia,true,true
user,eagirret@senate.gov,62d3b99ffc13ae55b7000199,Chhath Puja,10212,$6333.44,$6909.92,Deneysville,South Africa,true,false
user,ybrettel5@youku.com,62d3b99ffc13ae55b700019a,Navratri,15959,$8624.98,$5930.94,Rancharia,Brazil,true,false
user,mmcviey@bbc.co.uk,62d3b99ffc13ae55b700019b,Camel Festival,85180,$9124.66,$6664.56,Wangping,China,true,true
user,hcuddyg@telegraph.co.uk,62d3b99ffc13ae55b700019c,Mahavir Jayanti,94778,$9936.68,$6483.43,Rosario,Argentina,false,true
user,ybrettel5@youku.com,62d3b99ffc13ae55b700019d,Raksha Bandhan,64239,$8852.91,$1919.74,Mekarsari,Indonesia,false,false
user,ybrettel5@youku.com,62d3b99ffc13ae55b700019e,Eid-Ul-Fitr,21660,$1505.09,$9986.76,Monte da Chaminé,Portugal,true,true
user,hcuddyg@telegraph.co.uk,62d3b99ffc13ae55b700019f,Eid-Ul-Fitr,16930,$8992.64,$4697.75,Kumba,Cameroon,true,false
user,cwayte18@springer.com,62d3b99ffc13ae55b70001a0,Losar,79171,$1649.09,$9062.01,Gaoling,China,false,true
user,hcuddyg@telegraph.co.uk,62d3b99ffc13ae55b70001a1,Raksha Bandhan,87848,$9747.31,$8262.06,Xialaba,China,false,true
user,odumbleton12@infoseek.co.jp,62d3b99ffc13ae55b70001a2,Bihu,76631,$5206.55,$7589.94,Montpellier,France,true,true
user,mnodeso@parallels.com,62d3b99ffc13ae55b70001a3,Diwali,39715,$9377.43,$5577.79,Yangiyŭl,Uzbekistan,true,false
user,oskehane@ovh.net,62d3b99ffc13ae55b70001a4,Diwali,58678,$2620.18,$8938.29,Åby,Sweden,false,true
user,ogunney4@scientificamerican.com,62d3b99ffc13ae55b70001a5,Basant Panchami,83384,$3819.32,$5677.76,New York City,United States,false,true
user,oskehane@ovh.net,62d3b99ffc13ae55b70001a6,Easter,91693,$6219.08,$7651.09,Ruihong,China,true,false
user,geayres11@alibaba.com,62d3b99ffc13ae55b70001a7,Diwali,6631,$8991.44,$5070.93,Cruz de Pau,Portugal,true,true
user,mnodeso@parallels.com,62d3b99ffc13ae55b70001a8,Gurpurab,52362,$3933.96,$5038.92,Lirang,China,true,false
user,cjanssonp@va.gov,62d3b99ffc13ae55b70001a9,Easter,40442,$4757.83,$3989.57,Hiji,Japan,false,true
user,cjanssonp@va.gov,62d3b99ffc13ae55b70001aa,Diwali,70338,$5861.46,$9568.23,Huangjinjing,China,false,true
user,eblaney14@berkeley.edu,62d3b99ffc13ae55b70001ab,Makar Sankranti,37316,$7438.14,$9357.81,Potok Złoty,Poland,true,true
user,oskehane@ovh.net,62d3b99ffc13ae55b70001ac,Makar Sankranti,94396,$7983.45,$3057.26,Krajan Menggare,Indonesia,true,false
user,ybrettel5@youku.com,62d3b99ffc13ae55b70001ad,Basant Panchami,53811,$8481.59,$8666.27,Sandaoba,China,false,true
user,gwehnerr6@sciencedaily.com,62d3b99ffc13ae55b70001ae,Ganesh Chaturthi,91504,$4392.96,$1863.38,Xilong,China,false,false
user,eblaney14@berkeley.edu,62d3b99ffc13ae55b70001af,Gudi Padwa,14787,$4840.44,$6070.68,Shibirghān,Afghanistan,true,true
user,mnodeso@parallels.com,62d3b99ffc13ae55b70001b0,Govardhan Puja,73763,$3679.49,$3224.43,Kampungbaru,Indonesia,true,true
user,eagirret@senate.gov,62d3b9a0fc13ae55b70001b1,Ganesh Chaturthi,94246,$4747.07,$3463.73,Águas de Lindóia,Brazil,true,true
user,gwehnerr6@sciencedaily.com,62d3b9a0fc13ae55b70001b2,Krishna Janmashtami,54809,$5512.02,$3202.74,Woodstock,Canada,true,false
user,ogunney4@scientificamerican.com,62d3b9a0fc13ae55b70001b3,Easter,76027,$4427.11,$3460.16,Kiiminki,Finland,false,false
user,oskehane@ovh.net,62d3b9a0fc13ae55b70001b4,Diwali,31413,$8614.45,$2749.46,Budënnovsk,Russia,true,true
user,hcuddyg@telegraph.co.uk,62d3b9a0fc13ae55b70001b5,Baisakhi,90047,$3495.26,$6431.93,Ibiúna,Brazil,true,true
user,gwehnerr6@sciencedaily.com,62d3b9a0fc13ae55b70001b6,Ugadi,63558,$3077.40,$8366.72,Strzelin,Poland,false,false
user,eblaney14@berkeley.edu,62d3b9a0fc13ae55b70001b7,Onam,13841,$5982.38,$5775.44,Shuangquan,China,false,false
user,cjanssonp@va.gov,62d3b9a0fc13ae55b70001b8,Makar Sankranti,85754,$2291.90,$3889.84,Minuwangoda,Sri Lanka,false,false
user,geayres11@alibaba.com,62d3b9a0fc13ae55b70001b9,Christmas,82189,$1406.91,$7255.52,Matai,Tanzania,false,false
user,mmcviey@bbc.co.uk,62d3b9a0fc13ae55b70001ba,Basant Panchami,75524,$4989.46,$2625.87,Wohyń,Poland,false,false
user,gwehnerr6@sciencedaily.com,62d3b9a0fc13ae55b70001bb,Bihu,31538,$4435.48,$8674.39,Неготино,Macedonia,false,true
user,oskehane@ovh.net,62d3b9a0fc13ae55b70001bc,Independence Day,14517,$6670.47,$8599.04,Tsementnozavodskiy,Russia,false,false
user,ogunney4@scientificamerican.com,62d3b9a0fc13ae55b70001bd,Mahavir Jayanti,34813,$4759.20,$9856.90,Juazeiro do Norte,Brazil,true,false
user,cwayte18@springer.com,62d3b9a0fc13ae55b70001be,Thrissur Pooram,76087,$1577.74,$8058.75,Putou,China,true,false
user,hcuddyg@telegraph.co.uk,62d3b9a0fc13ae55b70001bf,Mewar Festival,62147,$8069.49,$8170.53,Tobi Village,Palau,false,true
user,ybrettel5@youku.com,62d3b9a0fc13ae55b70001c0,Holi,89375,$6065.65,$8850.37,Gò Dầu,Vietnam,true,true
user,eblaney14@berkeley.edu,62d3b9a0fc13ae55b70001c1,Bihu,23693,$9826.27,$4394.26,Urus-Martan,Russia,false,false
user,ogunney4@scientificamerican.com,62d3b9a0fc13ae55b70001c2,Gurpurab,60094,$6171.62,$5847.97,Huangpo,China,true,true
user,geayres11@alibaba.com,62d3b9a0fc13ae55b70001c3,Eid-Ul-Fitr,26545,$2554.36,$7882.48,Bordeaux,France,false,true
user,cjanssonp@va.gov,62d3b9a0fc13ae55b70001c4,Eid-Ul-Fitr,92011,$8357.82,$6431.45,Blachownia,Poland,true,true
user,vtregidoi@bbc.co.uk,62d3b9a0fc13ae55b70001c5,Losar,69802,$1764.96,$6174.48,Tullinge,Sweden,true,false
user,ogunney4@scientificamerican.com,62d3b9a0fc13ae55b70001c6,Ugadi,21457,$2616.42,$9030.04,Hechuan,China,true,false
user,vtregidoi@bbc.co.uk,62d3b9a0fc13ae55b70001c7,Bihu,34458,$2629.64,$4787.68,Zákupy,Czech Republic,true,true
user,geayres11@alibaba.com,62d3b9a0fc13ae55b70001c8,Durga Puja,30972,$9067.09,$4754.26,Novhorod-Sivers’kyy,Ukraine,true,true
user,mnodeso@parallels.com,62d3b9a0fc13ae55b70001c9,Onam,89099,$1088.77,$8614.32,Buenavista,Colombia,true,true
user,vtregidoi@bbc.co.uk,62d3b9a0fc13ae55b70001ca,Govardhan Puja,21643,$8103.24,$5311.26,Gävle,Sweden,false,true
user,hcuddyg@telegraph.co.uk,62d3b9a0fc13ae55b70001cb,Ganesh Chaturthi,67133,$8120.36,$4957.27,Maoqitun,China,true,true
user,geayres11@alibaba.com,62d3b9a0fc13ae55b70001cc,Independence Day,96682,$2446.10,$8303.45,Dengfang,China,false,false
user,oskehane@ovh.net,62d3b9a0fc13ae55b70001cd,Krishna Janmashtami,94424,$2405.09,$4987.88,Taha Man Zu,China,true,true
user,geayres11@alibaba.com,62d3b9a0fc13ae55b70001ce,Mahavir Jayanti,19341,$8415.63,$7206.96,Rixi,China,true,false
user,cjanssonp@va.gov,62d3b9a0fc13ae55b70001cf,Ratha Yatra,93706,$3757.50,$7126.00,Quintão,Portugal,false,false
user,cjanssonp@va.gov,62d3b9a0fc13ae55b70001d0,Ugadi,22751,$7226.79,$8558.05,Zelenodolsk,Russia,true,true
user,odumbleton12@infoseek.co.jp,62d3b9a0fc13ae55b70001d1,Dussehra,53557,$9697.35,$6166.15,Wenquan,China,true,false
user,cjanssonp@va.gov,62d3b9a0fc13ae55b70001d2,Holi,98841,$4510.53,$8316.26,Ordos,China,true,false
user,hcuddyg@telegraph.co.uk,62d3b9a0fc13ae55b70001d3,Mahavir Jayanti,89051,$3138.73,$4266.32,Capacho Nuevo,Venezuela,false,false
user,ogunney4@scientificamerican.com,62d3b9a0fc13ae55b70001d4,Gurpurab,57608,$3712.65,$3356.16,Gēdo,Ethiopia,true,true
user,ogunney4@scientificamerican.com,62d3b9a0fc13ae55b70001d5,Navratri,83455,$3389.62,$4032.02,Halong,Indonesia,false,true
user,mnodeso@parallels.com,62d3b9a0fc13ae55b70001d6,Diwali,31164,$2245.65,$7376.63,Piquillín,Argentina,false,false
user,geayres11@alibaba.com,62d3b9a0fc13ae55b70001d7,Christmas,92602,$2966.70,$3359.71,Duanshen,China,true,false
user,oskehane@ovh.net,62d3b9a0fc13ae55b70001d8,Mewar Festival,40040,$1686.35,$7195.53,Litian,China,false,false
user,gwehnerr6@sciencedaily.com,62d3b9a0fc13ae55b70001d9,Krishna Janmashtami,63108,$2242.09,$6724.59,Bella Vista,Dominican Republic,false,false
user,vtregidoi@bbc.co.uk,62d3b9a0fc13ae55b70001da,Hornbill Festival,57265,$3477.93,$9424.77,Frashër,Albania,false,false
user,eagirret@senate.gov,62d3b9a0fc13ae55b70001db,Ugadi,70612,$3238.39,$6759.47,Cabaiguán,Cuba,false,false
user,oskehane@ovh.net,62d3b9a0fc13ae55b70001dc,Bihu,46374,$3856.99,$6486.41,Gandara,Philippines,false,false
user,mnodeso@parallels.com,62d3b9a0fc13ae55b70001dd,Pongal,98386,$3977.49,$6991.61,Yanggu,South Korea,false,false
user,geayres11@alibaba.com,62d3b9a0fc13ae55b70001de,Hornbill Festival,61497,$7674.41,$1286.59,Ed,Sweden,true,false
user,hcuddyg@telegraph.co.uk,62d3b9a0fc13ae55b70001df,Durga Puja,45646,$1141.83,$8028.29,Kudang,Indonesia,true,false
user,geayres11@alibaba.com,62d3b9a0fc13ae55b70001e0,Camel Festival,68111,$9240.74,$7820.80,Jilma,Tunisia,false,true
user,vtregidoi@bbc.co.uk,62d3b9a0fc13ae55b70001e1,Maha Shivratri,80258,$4650.32,$3142.79,Radostowice,Poland,false,true
user,geayres11@alibaba.com,62d3b9a0fc13ae55b70001e2,Gurpurab,35122,$7292.50,$6552.25,Arras,France,false,true
user,ogunney4@scientificamerican.com,62d3b9a0fc13ae55b70001e3,Basant Panchami,7723,$1524.89,$2688.41,Grängesberg,Sweden,true,false
user,ybrettel5@youku.com,62d3b9a0fc13ae55b70001e4,Republic Day,60348,$5001.16,$9707.32,Shalamzār,Iran,false,false
user,geayres11@alibaba.com,62d3b9a0fc13ae55b70001e5,Mewar Festival,45831,$8081.27,$7203.02,Ciudad Choluteca,Honduras,true,false
user,cjanssonp@va.gov,62d3b9a0fc13ae55b70001e6,Camel Festival,34524,$9725.63,$7644.51,Samajie Ewenkeminzu,China,true,false
user,mmcviey@bbc.co.uk,62d3b9a0fc13ae55b70001e7,Krishna Janmashtami,44213,$9785.27,$4490.83,Pico Truncado,Argentina,false,true
user,oskehane@ovh.net,62d3b9a0fc13ae55b70001e8,Mahavir Jayanti,94776,$9750.25,$9874.34,Alaverdi,Armenia,false,true
user,mmcviey@bbc.co.uk,62d3b9a0fc13ae55b70001e9,Holi,20501,$3460.75,$3947.53,El Paso,United States,false,false
user,cwayte18@springer.com,62d3b9a0fc13ae55b70001ea,Hornbill Festival,6678,$1443.04,$9013.67,Yingjiang,China,true,true
user,oskehane@ovh.net,62d3b9a0fc13ae55b70001eb,Independence Day,77415,$2539.70,$1444.23,Ledeunu,Indonesia,false,true
user,cwayte18@springer.com,62d3b9a0fc13ae55b70001ec,Dree Festival,81820,$9346.26,$6416.63,Armenia,Colombia,false,false
user,cwayte18@springer.com,62d3b9a0fc13ae55b70001ed,Onam,75443,$4207.41,$2568.42,Egvekinot,Russia,true,false
user,mmcviey@bbc.co.uk,62d3b9a0fc13ae55b70001ee,Eid-Ul-Fitr,58371,$6675.21,$3865.01,Mastaiciai,Lithuania,true,false
user,cjanssonp@va.gov,62d3b9a0fc13ae55b70001ef,Republic Day,76788,$9469.72,$3072.70,Wohyń,Poland,true,true
user,ogunney4@scientificamerican.com,62d3b9a0fc13ae55b70001f0,Eid-Ul-Fitr,4074,$4871.15,$4525.92,Pajo,Philippines,false,true
user,ybrettel5@youku.com,62d3b9a0fc13ae55b70001f1,Durga Puja,15093,$4400.93,$3111.89,Siborong-borong,Indonesia,true,true
user,gwehnerr6@sciencedaily.com,62d3b9a0fc13ae55b70001f2,Govardhan Puja,80550,$3764.42,$2435.45,Zhongxing,China,false,true
user,hcuddyg@telegraph.co.uk,62d3b9a0fc13ae55b70001f3,Kumbh Mela,54020,$6199.67,$1353.46,Svetlyy Yar,Russia,false,false
user,geayres11@alibaba.com,62d3b9a0fc13ae55b70001f4,Easter,10245,$4358.34,$2280.55,Dresi Wetan,Indonesia,true,false
user,gwehnerr6@sciencedaily.com,62d3b9a0fc13ae55b70001f5,Maha Shivratri,57747,$1243.00,$2810.12,Kalývia,Greece,true,false
user,oskehane@ovh.net,62d3b9a0fc13ae55b70001f6,Ratha Yatra,87224,$9120.31,$2160.62,Rízoma,Greece,true,false
user,odumbleton12@infoseek.co.jp,62d3b9a0fc13ae55b70001f7,Eid-Ul-Fitr,42536,$3531.35,$5734.29,Miaofengshan,China,false,true
user,ybrettel5@youku.com,62d3b9a0fc13ae55b70001f8,Mahavir Jayanti,27158,$1967.20,$7526.95,Bratislava,Slovakia,false,false
user,hcuddyg@telegraph.co.uk,62d3b9a0fc13ae55b70001f9,Independence Day,8816,$7529.90,$8170.41,San Vicente,Philippines,false,true
user,eagirret@senate.gov,62d3b9a0fc13ae55b70001fa,Hornbill Festival,7233,$3051.35,$8479.61,Kelungkung,Indonesia,false,false
user,geayres11@alibaba.com,62d3b9a0fc13ae55b70001fb,Christmas,76455,$2266.65,$2426.27,Şirvan,Azerbaijan,true,true
user,eblaney14@berkeley.edu,62d3b9a0fc13ae55b70001fc,Durga Puja,10470,$6934.15,$9754.45,Loreto,Philippines,true,true
user,mnodeso@parallels.com,62d3b9a0fc13ae55b70001fd,Durga Puja,36518,$9845.44,$1949.90,Itabaiana,Brazil,false,false
user,odumbleton12@infoseek.co.jp,62d3b9a0fc13ae55b70001fe,Losar,52430,$2383.96,$1498.22,Wunat,Indonesia,true,false
user,vtregidoi@bbc.co.uk,62d3b9a0fc13ae55b70001ff,Camel Festival,90059,$1163.48,$8546.59,Wojaszówka,Poland,true,true
user,mmcviey@bbc.co.uk,62d3b9a0fc13ae55b7000200,Eid-Ul-Fitr,59768,$6321.22,$6906.94,Surami,Georgia,false,false
user,cjanssonp@va.gov,62d3b9a0fc13ae55b7000201,Onam,44193,$2720.48,$4921.67,Machida,Japan,true,false
user,cjanssonp@va.gov,62d3b9a0fc13ae55b7000202,Independence Day,74708,$7026.45,$9516.02,Ochojno,Poland,true,true
user,odumbleton12@infoseek.co.jp,62d3b9a0fc13ae55b7000203,Republic Day,21046,$2204.13,$9316.99,Kuningan,Indonesia,true,false
user,ybrettel5@youku.com,62d3b9a0fc13ae55b7000204,Eid-Ul-Fitr,74255,$6586.47,$7526.07,Himaya,Philippines,true,false
user,hcuddyg@telegraph.co.uk,62d3b9a0fc13ae55b7000205,Gurpurab,59901,$6294.51,$9908.46,Sundbyberg,Sweden,false,false
user,geayres11@alibaba.com,62d3b9a0fc13ae55b7000206,Govardhan Puja,97892,$2969.88,$7407.62,Marcovia,Honduras,false,true
user,gwehnerr6@sciencedaily.com,62d3b9a0fc13ae55b7000207,Republic Day,75717,$2043.21,$8182.25,Nanjing,China,true,true
user,eagirret@senate.gov,62d3b9a0fc13ae55b7000208,Krishna Janmashtami,96611,$5968.24,$9617.76,Palca,Peru,true,true
user,ogunney4@scientificamerican.com,62d3b9a0fc13ae55b7000209,Christmas,49199,$8958.75,$1129.75,Kepoh,Indonesia,false,false
user,eagirret@senate.gov,62d3b9a0fc13ae55b700020a,Gudi Padwa,31551,$8833.26,$8565.54,Babakan Baru,Indonesia,false,true
user,vtregidoi@bbc.co.uk,62d3b9a0fc13ae55b700020b,Makar Sankranti,54151,$4025.09,$6210.93,Richmond,Canada,false,false
user,eblaney14@berkeley.edu,62d3b9a0fc13ae55b700020c,Buddha Jayanti,23813,$9925.09,$3941.71,Dārchulā,Nepal,true,true
user,hcuddyg@telegraph.co.uk,62d3b9a0fc13ae55b700020d,Pongal,12219,$9085.93,$4367.83,Guhua,China,false,false
user,mnodeso@parallels.com,62d3b9a0fc13ae55b700020e,Ganesh Chaturthi,84380,$9413.97,$8215.80,Fontenay-sous-Bois,France,false,false
user,oskehane@ovh.net,62d3b9a0fc13ae55b700020f,Ganesh Chaturthi,31072,$8266.98,$8503.19,Snegiri,Russia,true,true
user,odumbleton12@infoseek.co.jp,62d3b9a0fc13ae55b7000210,Navratri,45152,$5039.26,$7652.91,Oebaki,Indonesia,true,true
user,eblaney14@berkeley.edu,62d3b9a0fc13ae55b7000211,Maha Shivratri,37654,$1997.44,$2526.83,Vallecillo,Honduras,true,false
user,ogunney4@scientificamerican.com,62d3b9a0fc13ae55b7000212,Diwali,1886,$7325.99,$2701.05,Namīn,Iran,false,true
user,ogunney4@scientificamerican.com,62d3b9a0fc13ae55b7000213,Hornbill Festival,36668,$7440.73,$1738.36,Armação de Búzios,Brazil,true,true
user,ogunney4@scientificamerican.com,62d3b9a0fc13ae55b7000214,Losar,43473,$1727.83,$4309.36,Cotorra,Colombia,true,true
user,eblaney14@berkeley.edu,62d3b9a0fc13ae55b7000215,Ratha Yatra,32652,$7708.12,$6813.14,Ábrego,Colombia,false,false
user,cwayte18@springer.com,62d3b9a0fc13ae55b7000216,Christmas,42553,$6307.27,$4709.43,Georgīevka,Kazakhstan,true,true
user,vtregidoi@bbc.co.uk,62d3b9a0fc13ae55b7000217,Mahavir Jayanti,99922,$9676.08,$1386.00,Honiara,Solomon Islands,true,false
user,ogunney4@scientificamerican.com,62d3b9a0fc13ae55b7000218,Kumbh Mela,69151,$8949.02,$1772.26,Jurangjero,Indonesia,true,false
user,cwayte18@springer.com,62d3b9a0fc13ae55b7000219,Ugadi,12883,$1473.69,$6633.01,Wisła,Poland,false,false
user,mmcviey@bbc.co.uk,62d3b9a0fc13ae55b700021a,Maha Shivratri,59005,$5413.81,$5493.46,Lysyanka,Ukraine,true,true
user,geayres11@alibaba.com,62d3b9a0fc13ae55b700021b,Republic Day,70989,$4206.05,$3230.50,Cruzeiro,Portugal,false,true
user,mmcviey@bbc.co.uk,62d3b9a0fc13ae55b700021c,Camel Festival,30965,$1251.99,$3920.92,Gobernador Costa,Argentina,true,true
user,eblaney14@berkeley.edu,62d3b9a0fc13ae55b700021d,Ganesh Chaturthi,1384,$2528.80,$6879.51,Moulay Yacoub,Morocco,true,false
user,oskehane@ovh.net,62d3b9a0fc13ae55b700021e,Hemis,50328,$8160.88,$2480.87,Krasnohrad,Ukraine,false,false
user,gwehnerr6@sciencedaily.com,62d3b9a0fc13ae55b700021f,Onam,61858,$9947.05,$4190.83,Argelia,Colombia,false,false
user,ogunney4@scientificamerican.com,62d3b9a0fc13ae55b7000220,Easter,36499,$2751.98,$5542.95,Barrosas,Portugal,true,true
user,hcuddyg@telegraph.co.uk,62d3b9a0fc13ae55b7000221,Krishna Janmashtami,2240,$9633.41,$9752.26,Meiyuan,China,false,true
user,cjanssonp@va.gov,62d3b9a0fc13ae55b7000222,Thrissur Pooram,80957,$3447.99,$5484.65,Ben Arous,Tunisia,false,false
user,mnodeso@parallels.com,62d3b9a0fc13ae55b7000223,Dussehra,89865,$2937.94,$6553.70,Zhenqian,China,false,false
user,ogunney4@scientificamerican.com,62d3b9a0fc13ae55b7000224,Republic Day,13263,$6937.48,$8224.25,Bida,Nigeria,false,true
user,cwayte18@springer.com,62d3b9a0fc13ae55b7000225,Thrissur Pooram,70246,$5178.35,$3105.04,Nangen,South Korea,true,false
user,mnodeso@parallels.com,62d3b9a0fc13ae55b7000226,Ugadi,61544,$3658.88,$8731.58,Kertasari,Indonesia,false,true
user,cwayte18@springer.com,62d3b9a0fc13ae55b7000227,Dussehra,62814,$8889.88,$9449.00,San Miguel,Philippines,false,true
user,vtregidoi@bbc.co.uk,62d3b9a0fc13ae55b7000228,Navratri,76262,$7876.39,$9868.22,Real,Portugal,false,true
user,cjanssonp@va.gov,62d3b9a0fc13ae55b7000229,Gudi Padwa,86037,$5931.98,$4074.43,Oton,Philippines,true,false
user,odumbleton12@infoseek.co.jp,62d3b9a0fc13ae55b700022a,Camel Festival,57227,$1210.51,$2245.25,Petauke,Zambia,true,false
user,eagirret@senate.gov,62d3b9a0fc13ae55b700022b,Navratri,46937,$4091.12,$6698.62,Severobaykal’sk,Russia,false,true
user,geayres11@alibaba.com,62d3b9a0fc13ae55b700022c,Pongal,58231,$1400.23,$6190.40,Carolina,Colombia,true,false
user,eagirret@senate.gov,62d3b9a0fc13ae55b700022d,Republic Day,12677,$8606.10,$7194.79,Ust’-Labinsk,Russia,true,true
user,odumbleton12@infoseek.co.jp,62d3b9a0fc13ae55b700022e,Baisakhi,3457,$9429.15,$3822.10,Madruga,Cuba,true,false
user,vtregidoi@bbc.co.uk,62d3b9a0fc13ae55b700022f,Onam,95085,$5058.80,$4288.87,Milín,Czech Republic,false,false
user,vtregidoi@bbc.co.uk,62d3b9a0fc13ae55b7000230,Bihu,18564,$1139.20,$5247.81,Polanica-Zdrój,Poland,false,false
user,mnodeso@parallels.com,62d3b9a0fc13ae55b7000231,Thrissur Pooram,89808,$1094.79,$2738.39,Rive-de-Gier,France,true,true
user,mmcviey@bbc.co.uk,62d3b9a0fc13ae55b7000232,Baisakhi,3391,$4526.24,$5724.76,Calvaria de Baixo,Portugal,false,false
user,odumbleton12@infoseek.co.jp,62d3b9a0fc13ae55b7000233,Eid-Ul-Fitr,1926,$7397.82,$5038.20,Dasht-e Archī,Afghanistan,false,true
user,ybrettel5@youku.com,62d3b9a0fc13ae55b7000234,Hemis,63994,$7826.61,$9226.02,El Progreso,Panama,true,false
user,vtregidoi@bbc.co.uk,62d3b9a0fc13ae55b7000235,Maha Shivratri,36251,$4514.42,$9288.54,Ciawi,Indonesia,true,false
user,cjanssonp@va.gov,62d3b9a0fc13ae55b7000236,Camel Festival,13635,$9185.14,$7903.85,Bayt ‘Ūr at Taḩtā,Palestinian Territory,false,false
user,odumbleton12@infoseek.co.jp,62d3b9a0fc13ae55b7000237,Makar Sankranti,38067,$1979.27,$3741.21,Gangbei,China,false,false
user,odumbleton12@infoseek.co.jp,62d3b9a0fc13ae55b7000238,Hemis,89624,$6600.85,$9798.21,Jiangmen,China,true,true
user,mmcviey@bbc.co.uk,62d3b9a0fc13ae55b7000239,Eid-Ul-Fitr,85077,$6624.51,$2928.83,Crossmolina,Ireland,true,true
user,gwehnerr6@sciencedaily.com,62d3b9a0fc13ae55b700023a,Gurpurab,16215,$6183.03,$5009.84,Huangludian,China,true,true
user,oskehane@ovh.net,62d3b9a0fc13ae55b700023b,Independence Day,53308,$1064.07,$8066.72,Samuhú,Argentina,true,false
user,cwayte18@springer.com,62d3b9a0fc13ae55b700023c,Independence Day,11449,$6739.96,$2937.49,Cipari,Indonesia,false,false
user,mnodeso@parallels.com,62d3b9a0fc13ae55b700023d,Holi,32090,$7857.77,$1388.05,Vostochnyy,Russia,true,false
user,ogunney4@scientificamerican.com,62d3b9a0fc13ae55b700023e,Thrissur Pooram,51458,$7502.24,$1043.38,Oslo,Norway,false,true
user,hcuddyg@telegraph.co.uk,62d3b9a0fc13ae55b700023f,Ugadi,70150,$6848.40,$8812.74,Avon,France,false,true
user,geayres11@alibaba.com,62d3b9a0fc13ae55b7000240,Ratha Yatra,89464,$4196.05,$9281.38,Huanghai,China,false,true
user,oskehane@ovh.net,62d3b9a0fc13ae55b7000241,Easter,46684,$5530.95,$3569.03,Lamak,Philippines,true,false
user,cwayte18@springer.com,62d3b9a0fc13ae55b7000242,Diwali,93002,$9801.09,$1838.97,Bromma,Sweden,false,false
user,ogunney4@scientificamerican.com,62d3b9a0fc13ae55b7000243,Mewar Festival,9105,$4416.11,$2003.46,Macapsing,Philippines,false,true
user,odumbleton12@infoseek.co.jp,62d3b9a0fc13ae55b7000244,Govardhan Puja,19950,$3881.32,$1424.92,El Coco,Panama,false,false
user,odumbleton12@infoseek.co.jp,62d3b9a0fc13ae55b7000245,Diwali,78999,$6655.30,$3912.79,Rotterdam postbusnummers,Netherlands,true,true
user,mmcviey@bbc.co.uk,62d3b9a0fc13ae55b7000246,Mewar Festival,36438,$8626.67,$6051.02,Quşrah,Palestinian Territory,false,false
user,oskehane@ovh.net,62d3b9a0fc13ae55b7000247,Govardhan Puja,21507,$3375.50,$2165.31,San Pa Tong,Thailand,true,true
user,ogunney4@scientificamerican.com,62d3b9a0fc13ae55b7000248,Baisakhi,17079,$3571.94,$1462.51,Rouen,France,true,true
user,ogunney4@scientificamerican.com,62d3b9a0fc13ae55b7000249,Christmas,6913,$5708.93,$7464.97,Heping,China,false,true
user,ybrettel5@youku.com,62d3b9a0fc13ae55b700024a,Baisakhi,98611,$9492.19,$4696.78,Shuangwang,China,true,true
user,eagirret@senate.gov,62d3b9a0fc13ae55b700024b,Camel Festival,24873,$8312.68,$5006.52,Burbank,United States,false,true
user,odumbleton12@infoseek.co.jp,62d3b9a0fc13ae55b700024c,Christmas,94534,$7543.66,$1815.38,Temara,Morocco,false,true
user,eblaney14@berkeley.edu,62d3b9a0fc13ae55b700024d,Holi,52848,$7838.09,$3700.41,New Orleans,United States,true,false
user,mmcviey@bbc.co.uk,62d3b9a0fc13ae55b700024e,Eid-Ul-Fitr,75370,$1332.41,$1734.54,Sukadana Selatan,Indonesia,false,true
user,mmcviey@bbc.co.uk,62d3b9a0fc13ae55b700024f,Independence Day,79956,$4993.89,$7577.23,Podbuzh,Ukraine,true,false
user,geayres11@alibaba.com,62d3b9a0fc13ae55b7000250,Raksha Bandhan,98824,$2662.96,$7090.02,Béboto,Chad,false,false
user,hcuddyg@telegraph.co.uk,62d3b9a0fc13ae55b7000251,Onam,79230,$3722.98,$5360.01,Jiaqiao,China,false,false
user,cwayte18@springer.com,62d3b9a0fc13ae55b7000252,Eid-Ul-Fitr,83240,$4834.40,$3626.42,Anicuns,Brazil,true,true
user,mnodeso@parallels.com,62d3b9a0fc13ae55b7000253,Losar,38510,$7676.86,$4031.37,Naekan,Indonesia,false,true
user,odumbleton12@infoseek.co.jp,62d3b9a0fc13ae55b7000254,Buddha Jayanti,98805,$3373.88,$5247.42,Phak Hai,Thailand,true,true
user,ogunney4@scientificamerican.com,62d3b9a0fc13ae55b7000255,Buddha Jayanti,93874,$3341.71,$7403.21,Heiiyugou,China,false,false
user,odumbleton12@infoseek.co.jp,62d3b9a0fc13ae55b7000256,Republic Day,16128,$9791.35,$7082.41,Cochabamba,Peru,false,true
user,odumbleton12@infoseek.co.jp,62d3b9a0fc13ae55b7000257,Buddha Jayanti,61547,$6801.27,$9019.23,Banī Suwayf,Egypt,true,true
user,eblaney14@berkeley.edu,62d3b9a0fc13ae55b7000258,Holi,7645,$9241.15,$7170.85,Zhankhoteko,Russia,false,false
user,odumbleton12@infoseek.co.jp,62d3b9a0fc13ae55b7000259,Holi,5211,$1306.37,$1013.33,Thị Trấn Nguyên Bình,Vietnam,false,false
user,geayres11@alibaba.com,62d3b9a0fc13ae55b700025a,Holi,22989,$8225.21,$2777.31,Bayanaūyl,Kazakhstan,false,false
user,ybrettel5@youku.com,62d3b9a0fc13ae55b700025b,Krishna Janmashtami,96939,$4459.16,$6614.51,Wanzhi,China,true,false
user,ybrettel5@youku.com,62d3b9a0fc13ae55b700025c,Camel Festival,74819,$2959.93,$5311.64,Tambaksari,Indonesia,true,true
user,ogunney4@scientificamerican.com,62d3b9a0fc13ae55b700025d,Gudi Padwa,22058,$8231.86,$5248.08,Yanchi,China,false,false
user,mmcviey@bbc.co.uk,62d3b9a0fc13ae55b700025e,Baisakhi,6781,$9585.95,$1147.67,Banjar Delodrurung,Indonesia,false,true
user,eblaney14@berkeley.edu,62d3b9a0fc13ae55b700025f,Onam,69340,$1052.45,$4574.67,Haoxin,China,false,false
user,mmcviey@bbc.co.uk,62d3b9a0fc13ae55b7000260,Holi,65512,$4994.17,$6490.17,El Ocotón,Honduras,false,true
user,mnodeso@parallels.com,62d3b9a0fc13ae55b7000261,Losar,40684,$3858.13,$7692.94,Pyay,Myanmar,true,false
user,odumbleton12@infoseek.co.jp,62d3b9a0fc13ae55b7000262,Diwali,23378,$3030.34,$9967.94,Shuanggang,China,false,true
user,mmcviey@bbc.co.uk,62d3b9a0fc13ae55b7000263,Dussehra,30991,$3942.28,$1299.63,Jepat Kidul,Indonesia,false,false
user,eagirret@senate.gov,62d3b9a0fc13ae55b7000264,Gudi Padwa,98955,$4380.93,$2369.44,Antiguo Cuscatlán,El Salvador,false,false
user,mnodeso@parallels.com,62d3b9a0fc13ae55b7000265,Losar,73862,$7312.88,$5988.04,Ndibène Dahra,Senegal,false,true
user,cwayte18@springer.com,62d3b9a0fc13ae55b7000266,Pongal,86786,$1817.26,$5823.15,Wangge’ertang,China,true,false
user,mmcviey@bbc.co.uk,62d3b9a0fc13ae55b7000267,Baisakhi,1502,$5423.88,$1138.94,Muang Long,Laos,false,false
user,mnodeso@parallels.com,62d3b9a0fc13ae55b7000268,Ratha Yatra,19922,$6403.67,$7971.43,Jrashen,Armenia,true,false
user,mnodeso@parallels.com,62d3b9a0fc13ae55b7000269,Mewar Festival,92045,$7197.11,$5197.26,Cabreúva,Brazil,true,false
user,oskehane@ovh.net,62d3b9a0fc13ae55b700026a,Ratha Yatra,10015,$7052.47,$8960.61,Shanling,China,false,false
user,geayres11@alibaba.com,62d3b9a0fc13ae55b700026b,Bihu,31650,$5272.88,$6864.92,San Diego,United States,true,true
user,eblaney14@berkeley.edu,62d3b9a0fc13ae55b700026c,Krishna Janmashtami,45499,$1331.05,$2858.61,Leon,Spain,false,false
user,mmcviey@bbc.co.uk,62d3b9a0fc13ae55b700026d,Onam,39994,$3582.57,$6809.40,Chaupimarca,Peru,true,true
user,geayres11@alibaba.com,62d3b9a0fc13ae55b700026e,Mahavir Jayanti,34895,$3357.34,$7926.68,Oleszyce,Poland,true,false
user,odumbleton12@infoseek.co.jp,62d3b9a0fc13ae55b700026f,Gurpurab,69265,$2191.09,$2102.62,La Soledad,Mexico,true,false
user,vtregidoi@bbc.co.uk,62d3b9a0fc13ae55b7000270,Ratha Yatra,47915,$2605.31,$4467.28,Gjinoc,Kosovo,true,true
user,mmcviey@bbc.co.uk,62d3b9a0fc13ae55b7000271,Chhath Puja,4416,$8818.05,$1789.51,Yaita,Japan,false,true
user,odumbleton12@infoseek.co.jp,62d3b9a0fc13ae55b7000272,Republic Day,72065,$8265.02,$9294.33,Haishan,China,false,true
user,eagirret@senate.gov,62d3b9a0fc13ae55b7000273,Diwali,95085,$9746.48,$3587.33,Iktābah,Palestinian Territory,false,false
user,ybrettel5@youku.com,62d3b9a0fc13ae55b7000274,Mewar Festival,17800,$7237.30,$2541.37,Siso,Indonesia,true,true
user,eagirret@senate.gov,62d3b9a0fc13ae55b7000275,Pongal,11742,$9282.56,$1459.47,Dubrovka,Russia,true,false
user,eagirret@senate.gov,62d3b9a0fc13ae55b7000276,Christmas,5441,$2381.66,$2884.88,Dolní Libina,Czech Republic,true,false
user,eagirret@senate.gov,62d3b9a0fc13ae55b7000277,Makar Sankranti,99592,$7449.59,$2261.36,Mataquescuintla,Guatemala,true,false
user,geayres11@alibaba.com,62d3b9a0fc13ae55b7000278,Dree Festival,17773,$4941.77,$4604.45,Genting,Indonesia,false,false
user,vtregidoi@bbc.co.uk,62d3b9a0fc13ae55b7000279,Bihu,71111,$4721.11,$3017.19,Sambong,Indonesia,false,false
user,geayres11@alibaba.com,62d3b9a0fc13ae55b700027a,Baisakhi,6319,$2443.84,$4257.69,Mel’nikovo,Russia,true,true
user,cjanssonp@va.gov,62d3b9a0fc13ae55b700027b,Baisakhi,46231,$2809.39,$1214.65,Ramat Gan,Israel,false,true
user,mmcviey@bbc.co.uk,62d3b9a0fc13ae55b700027c,Gudi Padwa,33132,$7490.32,$7921.82,Berehomet,Ukraine,false,false
user,eagirret@senate.gov,62d3b9a0fc13ae55b700027d,Easter,12417,$6165.12,$7732.20,Shaochang,China,false,true
user,ybrettel5@youku.com,62d3b9a0fc13ae55b700027e,Ugadi,10659,$9203.20,$3158.45,Jardin,Mexico,false,true
user,eagirret@senate.gov,62d3b9a0fc13ae55b700027f,Krishna Janmashtami,68330,$7871.49,$5395.83,Aranos,Namibia,true,false
user,hcuddyg@telegraph.co.uk,62d3b9a0fc13ae55b7000280,Christmas,52042,$9574.97,$6896.03,Zhaowu,China,false,true
user,eagirret@senate.gov,62d3b9a0fc13ae55b7000281,Ugadi,26377,$7564.58,$3501.53,Ipoh,Malaysia,false,false
user,mnodeso@parallels.com,62d3b9a0fc13ae55b7000282,Gurpurab,36062,$9459.34,$2492.20,Raymond,Canada,false,true
user,hcuddyg@telegraph.co.uk,62d3b9a0fc13ae55b7000283,Baisakhi,34242,$5384.45,$3014.89,Magdeburg,Germany,true,true
user,eblaney14@berkeley.edu,62d3b9a0fc13ae55b7000284,Ugadi,68252,$4806.25,$2504.48,Gawanan,Indonesia,false,false
user,ybrettel5@youku.com,62d3b9a0fc13ae55b7000285,Hornbill Festival,87720,$7326.77,$4308.75,Nürnberg,Germany,false,true
user,ybrettel5@youku.com,62d3b9a0fc13ae55b7000286,Onam,72887,$4508.59,$8926.55,Chakaray,Afghanistan,false,true
user,ybrettel5@youku.com,62d3b9a0fc13ae55b7000287,Basant Panchami,1682,$6844.50,$9412.41,Radišići,Bosnia and Herzegovina,false,false
user,hcuddyg@telegraph.co.uk,62d3b9a0fc13ae55b7000288,Dussehra,93576,$9296.65,$4154.00,Kertahayu,Indonesia,true,true
user,odumbleton12@infoseek.co.jp,62d3b9a0fc13ae55b7000289,Govardhan Puja,16405,$3106.14,$4181.84,Niyang,China,false,true
user,eblaney14@berkeley.edu,62d3b9a0fc13ae55b700028a,Ganesh Chaturthi,88413,$2846.49,$3858.92,Nîmes,France,false,true
user,ogunney4@scientificamerican.com,62d3b9a0fc13ae55b700028b,Pongal,2464,$6654.22,$8045.43,Xinfeng,China,false,true
user,vtregidoi@bbc.co.uk,62d3b9a0fc13ae55b700028c,Ugadi,92593,$1373.07,$4910.08,Kathmandu,Nepal,false,false
user,ogunney4@scientificamerican.com,62d3b9a0fc13ae55b700028d,Hornbill Festival,27280,$4656.31,$5015.00,Passal,Portugal,false,true
user,hcuddyg@telegraph.co.uk,62d3b9a0fc13ae55b700028e,Losar,23336,$4748.53,$6552.28,Tahala,Morocco,false,true
user,vtregidoi@bbc.co.uk,62d3b9a0fc13ae55b700028f,Govardhan Puja,27895,$5395.09,$6283.23,San Rafael,United States,false,true
user,hcuddyg@telegraph.co.uk,62d3b9a0fc13ae55b7000290,Mewar Festival,83932,$5305.68,$8078.67,Cola,China,true,true
user,cwayte18@springer.com,62d3b9a0fc13ae55b7000291,Hornbill Festival,91950,$6052.84,$2109.50,Wangwu,China,true,true
user,mmcviey@bbc.co.uk,62d3b9a0fc13ae55b7000292,Eid-Ul-Fitr,40062,$2030.12,$1876.25,Pindangan Centro,Philippines,false,true
user,geayres11@alibaba.com,62d3b9a1fc13ae55b7000293,Buddha Jayanti,80451,$3476.34,$2231.92,An Châu,Vietnam,true,true
user,oskehane@ovh.net,62d3b9a1fc13ae55b7000294,Republic Day,88005,$2205.20,$9028.20,Senneterre,Canada,true,false
user,ogunney4@scientificamerican.com,62d3b9a1fc13ae55b7000295,Diwali,94916,$8847.89,$4435.57,Companhia de Baixo,Portugal,false,false
user,eblaney14@berkeley.edu,62d3b9a1fc13ae55b7000296,Holi,10396,$5928.43,$9496.24,Santa Catarina,Portugal,false,false
user,ogunney4@scientificamerican.com,62d3b9a1fc13ae55b7000297,Holi,71307,$8159.22,$4089.92,Dainan,China,false,true
user,hcuddyg@telegraph.co.uk,62d3b9a1fc13ae55b7000298,Pongal,71423,$8895.16,$3756.30,Kloangrotat,Indonesia,true,false
user,geayres11@alibaba.com,62d3b9a1fc13ae55b7000299,Diwali,78922,$6393.11,$7110.79,Timbuktu,Mali,true,true
user,cjanssonp@va.gov,62d3b9a1fc13ae55b700029a,Mahavir Jayanti,77930,$9557.71,$7354.66,Kireyevsk,Russia,false,false
user,eagirret@senate.gov,62d3b9a1fc13ae55b700029b,Easter,24578,$6531.95,$3322.01,Socorro,Philippines,false,false
user,vtregidoi@bbc.co.uk,62d3b9a1fc13ae55b700029c,Diwali,33174,$3559.50,$7882.97,Kurye,South Korea,true,false
user,eblaney14@berkeley.edu,62d3b9a1fc13ae55b700029d,Dussehra,13339,$1609.00,$2623.05,Sedkyrkeshch,Russia,false,true
user,cjanssonp@va.gov,62d3b9a1fc13ae55b700029e,Mahavir Jayanti,28357,$5499.51,$3055.19,Langjun,China,false,false
user,cwayte18@springer.com,62d3b9a1fc13ae55b700029f,Bihu,15276,$3516.88,$1341.99,Dologon,Philippines,true,true
user,odumbleton12@infoseek.co.jp,62d3b9a1fc13ae55b70002a0,Holi,59822,$5164.76,$1185.63,Kokterek,Kazakhstan,true,true
user,geayres11@alibaba.com,62d3b9a1fc13ae55b70002a1,Hemis,26982,$9057.42,$8162.94,Jiapeng,China,false,true
user,eagirret@senate.gov,62d3b9a1fc13ae55b70002a2,Mewar Festival,65024,$7464.30,$4244.97,Celestynów,Poland,true,true
user,eblaney14@berkeley.edu,62d3b9a1fc13ae55b70002a3,Camel Festival,5760,$6283.89,$1041.50,Štěnovice,Czech Republic,true,true
user,eblaney14@berkeley.edu,62d3b9a1fc13ae55b70002a4,Govardhan Puja,82462,$3975.17,$8293.46,Yengimahalla,China,true,true
user,ogunney4@scientificamerican.com,62d3b9a1fc13ae55b70002a5,Onam,44754,$5412.72,$4651.34,Māsāl,Iran,false,false
user,odumbleton12@infoseek.co.jp,62d3b9a1fc13ae55b70002a6,Mahavir Jayanti,42693,$3389.31,$5581.70,Jinquan,China,false,false
user,mmcviey@bbc.co.uk,62d3b9a1fc13ae55b70002a7,Camel Festival,88830,$2907.23,$5162.78,Tawangrejo,Indonesia,false,false
user,ogunney4@scientificamerican.com,62d3b9a1fc13ae55b70002a8,Camel Festival,25760,$3739.35,$7560.98,Pentre,United Kingdom,true,false
user,ogunney4@scientificamerican.com,62d3b9a1fc13ae55b70002a9,Thrissur Pooram,71189,$6224.07,$4091.59,Bordeaux,France,true,false
user,geayres11@alibaba.com,62d3b9a1fc13ae55b70002aa,Diwali,98004,$8935.53,$2175.36,Ariguaní,Colombia,false,false
user,hcuddyg@telegraph.co.uk,62d3b9a1fc13ae55b70002ab,Kumbh Mela,82931,$7788.46,$5078.12,Resapombo,Indonesia,true,false
user,cwayte18@springer.com,62d3b9a1fc13ae55b70002ac,Christmas,38951,$9745.39,$8636.62,Granada,Peru,true,false
user,eagirret@senate.gov,62d3b9a1fc13ae55b70002ad,Buddha Jayanti,9744,$7768.39,$9116.18,Gabasumdo,China,false,false
user,mnodeso@parallels.com,62d3b9a1fc13ae55b70002ae,Durga Puja,15076,$8363.57,$1400.47,Aktau,Kazakhstan,true,false
user,mmcviey@bbc.co.uk,62d3b9a1fc13ae55b70002af,Basant Panchami,60861,$2586.48,$2727.71,Sanxi,China,false,false
user,eblaney14@berkeley.edu,62d3b9a1fc13ae55b70002b0,Republic Day,3661,$1799.84,$9202.90,Watthana Nakhon,Thailand,true,true
user,cwayte18@springer.com,62d3b9a1fc13ae55b70002b1,Gudi Padwa,15548,$7650.61,$8509.38,Białobrzegi,Poland,true,true
user,mnodeso@parallels.com,62d3b9a1fc13ae55b70002b2,Krishna Janmashtami,76793,$6221.94,$4032.08,São Sebastião,Portugal,false,true
user,ogunney4@scientificamerican.com,62d3b9a1fc13ae55b70002b3,Gudi Padwa,40609,$9608.21,$4864.24,Fundong,Cameroon,true,true
user,cwayte18@springer.com,62d3b9a1fc13ae55b70002b4,Losar,10406,$2728.09,$2376.65,Dole,France,false,false
user,ybrettel5@youku.com,62d3b9a1fc13ae55b70002b5,Govardhan Puja,89843,$9654.38,$4582.59,Solna,Sweden,false,true
user,ybrettel5@youku.com,62d3b9a1fc13ae55b70002b6,Gurpurab,60675,$8647.40,$2837.14,Gobernador Ingeniero Valentín Virasoro,Argentina,true,true
user,cjanssonp@va.gov,62d3b9a1fc13ae55b70002b7,Raksha Bandhan,65255,$1200.69,$2431.95,Minyat an Naşr,Egypt,true,false
user,gwehnerr6@sciencedaily.com,62d3b9a1fc13ae55b70002b8,Independence Day,5881,$8490.49,$4332.42,Galutu,China,false,false
user,mnodeso@parallels.com,62d3b9a1fc13ae55b70002b9,Hemis,38315,$8759.60,$5230.26,Uiasa,Indonesia,false,true
user,mmcviey@bbc.co.uk,62d3b9a1fc13ae55b70002ba,Diwali,99232,$7276.41,$1176.27,Zongga,China,true,true
user,mmcviey@bbc.co.uk,62d3b9a1fc13ae55b70002bb,Durga Puja,68935,$2006.09,$5900.30,Yueshan,China,true,false
user,cwayte18@springer.com,62d3b9a1fc13ae55b70002bc,Dussehra,55049,$3518.28,$9127.90,‘Ābūd,Palestinian Territory,false,false
user,hcuddyg@telegraph.co.uk,62d3b9a1fc13ae55b70002bd,Krishna Janmashtami,3323,$2989.92,$5862.08,Tumba,Sweden,false,false
user,ogunney4@scientificamerican.com,62d3b9a1fc13ae55b70002be,Diwali,64191,$8804.18,$1112.65,Sunjia Buzi,China,true,true
user,vtregidoi@bbc.co.uk,62d3b9a1fc13ae55b70002bf,Govardhan Puja,4155,$7018.35,$5073.73,Drummondville,Canada,false,false
user,geayres11@alibaba.com,62d3b9a1fc13ae55b70002c0,Camel Festival,82860,$4144.69,$8629.78,Tongli,China,true,false
user,eagirret@senate.gov,62d3b9a1fc13ae55b70002c1,Onam,72486,$5464.89,$8974.03,Horad Smalyavichy,Belarus,true,false
user,mmcviey@bbc.co.uk,62d3b9a1fc13ae55b70002c2,Basant Panchami,71498,$5102.62,$7246.89,Kaiyuan,China,true,false
user,hcuddyg@telegraph.co.uk,62d3b9a1fc13ae55b70002c3,Dussehra,18197,$1970.51,$2528.61,Wasogolo,Indonesia,false,true
user,cjanssonp@va.gov,62d3b9a1fc13ae55b70002c4,Camel Festival,98993,$4808.23,$9996.15,Rikitgaib,Indonesia,true,false
user,odumbleton12@infoseek.co.jp,62d3b9a1fc13ae55b70002c5,Republic Day,1186,$1536.00,$4748.65,Pimentel,Dominican Republic,true,false
user,ogunney4@scientificamerican.com,62d3b9a1fc13ae55b70002c6,Makar Sankranti,84484,$9457.06,$6342.41,Satovcha,Bulgaria,true,false
user,ogunney4@scientificamerican.com,62d3b9a1fc13ae55b70002c7,Maha Shivratri,11237,$1823.80,$3690.97,Finzes,Portugal,false,false
user,eblaney14@berkeley.edu,62d3b9a1fc13ae55b70002c8,Eid-Ul-Fitr,93750,$5467.16,$6577.86,Pribrezhnyy,Russia,false,true
user,eblaney14@berkeley.edu,62d3b9a1fc13ae55b70002c9,Diwali,71535,$7106.83,$2714.49,Valence,France,false,false
user,hcuddyg@telegraph.co.uk,62d3b9a1fc13ae55b70002ca,Losar,75583,$3029.56,$5877.98,Novosel’ye,Belarus,true,true
user,gwehnerr6@sciencedaily.com,62d3b9a1fc13ae55b70002cb,Mewar Festival,32595,$8489.67,$3714.59,Lanjaghbyur,Armenia,false,false
user,vtregidoi@bbc.co.uk,62d3b9a1fc13ae55b70002cc,Diwali,14969,$7567.16,$1721.59,Lepanto,Philippines,true,true
user,oskehane@ovh.net,62d3b9a1fc13ae55b70002cd,Losar,67023,$3337.45,$1063.98,Dalonghua,China,true,false
user,ogunney4@scientificamerican.com,62d3b9a1fc13ae55b70002ce,Durga Puja,51924,$2795.79,$3702.99,Tulyushka,Russia,true,false
user,gwehnerr6@sciencedaily.com,62d3b9a1fc13ae55b70002cf,Easter,44333,$8186.35,$9288.01,Maraial,Brazil,true,false
user,eagirret@senate.gov,62d3b9a1fc13ae55b70002d0,Independence Day,25598,$7225.82,$9789.13,Jingdu,China,true,false
user,oskehane@ovh.net,62d3b9a1fc13ae55b70002d1,Camel Festival,33860,$1561.92,$6020.03,Taipalsaari,Finland,true,false
user,ogunney4@scientificamerican.com,62d3b9a1fc13ae55b70002d2,Ratha Yatra,60141,$8502.36,$9901.59,Tamianglayang,Indonesia,false,false
user,ybrettel5@youku.com,62d3b9a1fc13ae55b70002d3,Camel Festival,54491,$1997.87,$3535.82,Gjoa Haven,Canada,true,true
user,mmcviey@bbc.co.uk,62d3b9a1fc13ae55b70002d4,Ganesh Chaturthi,59516,$4237.59,$6989.98,Loujiadian,China,true,false
user,mmcviey@bbc.co.uk,62d3b9a1fc13ae55b70002d5,Dussehra,79649,$3839.78,$2544.23,Dzagam,Azerbaijan,false,false
user,odumbleton12@infoseek.co.jp,62d3b9a1fc13ae55b70002d6,Dussehra,33135,$6111.77,$4026.67,Korenovsk,Russia,true,true
user,vtregidoi@bbc.co.uk,62d3b9a1fc13ae55b70002d7,Ganesh Chaturthi,7471,$5657.36,$3636.19,Macapo,Venezuela,false,true
user,odumbleton12@infoseek.co.jp,62d3b9a1fc13ae55b70002d8,Pongal,71771,$5844.04,$3475.84,Xitiangezhuang,China,true,false
user,mnodeso@parallels.com,62d3b9a1fc13ae55b70002d9,Dree Festival,94063,$5177.87,$6542.83,Komsomolsk-on-Amur,Russia,true,true
user,ybrettel5@youku.com,62d3b9a1fc13ae55b70002da,Buddha Jayanti,18718,$1210.05,$5134.35,Tabatinga,Brazil,true,true
user,eblaney14@berkeley.edu,62d3b9a1fc13ae55b70002db,Ganesh Chaturthi,99279,$5512.45,$7828.11,Postoloprty,Czech Republic,true,false
user,cjanssonp@va.gov,62d3b9a1fc13ae55b70002dc,Ugadi,69514,$7792.83,$9008.58,Canela,Brazil,false,false
user,gwehnerr6@sciencedaily.com,62d3b9a1fc13ae55b70002dd,Hornbill Festival,32284,$6601.31,$9028.93,Huzhen,China,false,false
user,ogunney4@scientificamerican.com,62d3b9a1fc13ae55b70002de,Mewar Festival,9511,$2139.69,$7786.46,Gagnoa,Ivory Coast,false,false
user,eblaney14@berkeley.edu,62d3b9a1fc13ae55b70002df,Kumbh Mela,41967,$4807.72,$4019.16,Monte Leite,Portugal,true,false
user,hcuddyg@telegraph.co.uk,62d3b9a1fc13ae55b70002e0,Raksha Bandhan,28801,$4543.25,$2100.46,Gadon,Indonesia,false,true
user,cjanssonp@va.gov,62d3b9a1fc13ae55b70002e1,Gurpurab,85704,$8201.33,$7632.91,Phetchabun,Thailand,true,false
user,mnodeso@parallels.com,62d3b9a1fc13ae55b70002e2,Mahavir Jayanti,9844,$7680.85,$4871.54,Huadi,China,true,false
user,oskehane@ovh.net,62d3b9a1fc13ae55b70002e3,Mahavir Jayanti,1986,$1702.58,$7999.03,Chimen,China,true,true
user,mnodeso@parallels.com,62d3b9a1fc13ae55b70002e4,Dree Festival,81349,$5395.66,$1147.07,Hīsh,Syria,false,false
user,mmcviey@bbc.co.uk,62d3b9a1fc13ae55b70002e5,Dree Festival,32797,$3076.49,$9951.68,Yara,Cuba,false,true
user,cwayte18@springer.com,62d3b9a1fc13ae55b70002e6,Diwali,36081,$3318.59,$1855.65,Watulimo,Indonesia,false,false
user,mmcviey@bbc.co.uk,62d3b9a1fc13ae55b70002e7,Navratri,33929,$9343.38,$3614.70,Essen,Germany,false,false
user,vtregidoi@bbc.co.uk,62d3b9a1fc13ae55b70002e8,Ratha Yatra,82398,$9301.30,$9785.04,Shahrud,Iran,false,false
user,oskehane@ovh.net,62d3b9a1fc13ae55b70002e9,Gurpurab,80431,$7976.11,$7508.95,Kamenka,Russia,true,false
user,gwehnerr6@sciencedaily.com,62d3b9a1fc13ae55b70002ea,Eid-Ul-Fitr,87743,$8855.47,$8928.56,Siraway,Philippines,false,false
user,geayres11@alibaba.com,62d3b9a1fc13ae55b70002eb,Bihu,32582,$2279.77,$2398.12,Lewolere,Indonesia,false,false
user,mmcviey@bbc.co.uk,62d3b9a1fc13ae55b70002ec,Diwali,26906,$4245.09,$8309.87,Ningyuan,China,false,true
user,eagirret@senate.gov,62d3b9a1fc13ae55b70002ed,Kumbh Mela,2807,$9315.23,$1869.27,Osiek,Poland,false,true
user,oskehane@ovh.net,62d3b9a1fc13ae55b70002ee,Raksha Bandhan,10237,$4444.48,$9855.07,Daxi,Taiwan,true,true
user,ogunney4@scientificamerican.com,62d3b9a1fc13ae55b70002ef,Easter,72231,$2942.99,$7860.87,Vyshneye Dolgoye,Russia,false,true
user,vtregidoi@bbc.co.uk,62d3b9a1fc13ae55b70002f0,Kumbh Mela,9982,$3535.13,$9479.00,Roun Satu,Indonesia,true,false
user,ogunney4@scientificamerican.com,62d3b9a1fc13ae55b70002f1,Diwali,80118,$6669.72,$7089.43,Seda,Lithuania,true,false
user,eagirret@senate.gov,62d3b9a1fc13ae55b70002f2,Holi,6123,$1205.57,$9142.19,Sleman,Indonesia,true,true
user,cwayte18@springer.com,62d3b9a1fc13ae55b70002f3,Eid-Ul-Fitr,27850,$4662.21,$9899.38,Rimbo,Sweden,true,true
user,cwayte18@springer.com,62d3b9a1fc13ae55b70002f4,Baisakhi,78982,$1322.31,$7232.94,Xiabaishi,China,true,false
user,mnodeso@parallels.com,62d3b9a1fc13ae55b70002f5,Camel Festival,52657,$3691.49,$5602.73,Shahe,China,true,false
user,eagirret@senate.gov,62d3b9a1fc13ae55b70002f6,Losar,8812,$8966.72,$7267.06,Sarkanjut,Indonesia,true,false
user,oskehane@ovh.net,62d3b9a1fc13ae55b70002f7,Onam,54261,$3499.11,$6912.22,Vogar,Iceland,true,false
user,eagirret@senate.gov,62d3b9a1fc13ae55b70002f8,Gurpurab,28564,$1966.60,$1685.40,Na Kae,Thailand,false,false
user,eagirret@senate.gov,62d3b9a1fc13ae55b70002f9,Mewar Festival,46133,$6861.46,$1417.50,Tutem,Indonesia,false,true
user,cjanssonp@va.gov,62d3b9a1fc13ae55b70002fa,Durga Puja,92104,$7741.41,$8743.56,Daguo,China,false,false
user,oskehane@ovh.net,62d3b9a1fc13ae55b70002fb,Ugadi,46785,$6610.50,$8708.80,Qiucun,China,false,true
user,cwayte18@springer.com,62d3b9a1fc13ae55b70002fc,Hemis,95232,$8770.08,$4081.46,Bijeli,Indonesia,false,false
user,hcuddyg@telegraph.co.uk,62d3b9a1fc13ae55b70002fd,Independence Day,17663,$2036.48,$6692.95,Kyaka,Tanzania,true,false
user,cjanssonp@va.gov,62d3b9a1fc13ae55b70002fe,Mewar Festival,7174,$6341.08,$7229.48,Ban Dung,Thailand,true,true
user,mnodeso@parallels.com,62d3b9a1fc13ae55b70002ff,Easter,55335,$8451.70,$1336.43,Västerås,Sweden,true,true
user,eagirret@senate.gov,62d3b9a1fc13ae55b7000300,Thrissur Pooram,71755,$1619.56,$3183.24,Tangier,Morocco,true,false
user,mnodeso@parallels.com,62d3b9a1fc13ae55b7000301,Christmas,95627,$3154.03,$8180.61,Cachoeira,Brazil,true,false
user,geayres11@alibaba.com,62d3b9a1fc13ae55b7000302,Hemis,81664,$4402.38,$1517.60,Lindesberg,Sweden,true,false
user,eblaney14@berkeley.edu,62d3b9a1fc13ae55b7000303,Christmas,69609,$5239.47,$8199.55,Arras,France,true,true
user,vtregidoi@bbc.co.uk,62d3b9a1fc13ae55b7000304,Chhath Puja,16737,$1831.93,$5498.09,Huangtukuang,China,true,false
user,eagirret@senate.gov,62d3b9a1fc13ae55b7000305,Mahavir Jayanti,93883,$9341.41,$5426.40,Ordem,Portugal,true,false
user,eagirret@senate.gov,62d3b9a1fc13ae55b7000306,Easter,64047,$6358.25,$8482.58,Guangfu,China,false,false
user,gwehnerr6@sciencedaily.com,62d3b9a1fc13ae55b7000307,Bihu,9719,$6642.91,$5201.20,Sishui,China,false,true
user,oskehane@ovh.net,62d3b9a1fc13ae55b7000308,Thrissur Pooram,23403,$9207.72,$4252.64,San Vicente de Bique,Panama,false,true
user,geayres11@alibaba.com,62d3b9a1fc13ae55b7000309,Thrissur Pooram,6504,$9239.34,$1910.35,Mostek,Czech Republic,true,true
user,cwayte18@springer.com,62d3b9a1fc13ae55b700030a,Makar Sankranti,44243,$1652.28,$6959.00,Xiantang,China,false,true
user,cjanssonp@va.gov,62d3b9a1fc13ae55b700030b,Mahavir Jayanti,17906,$2049.69,$1334.40,Yilkiqi,China,true,true
user,cwayte18@springer.com,62d3b9a1fc13ae55b700030c,Durga Puja,85751,$6450.13,$9162.43,Imbang,Philippines,true,false
user,ogunney4@scientificamerican.com,62d3b9a1fc13ae55b700030d,Ugadi,98721,$5877.92,$9242.11,Město Libavá,Czech Republic,false,true
user,eagirret@senate.gov,62d3b9a1fc13ae55b700030e,Gurpurab,8803,$5841.40,$4571.96,Kembang,Indonesia,false,true
user,geayres11@alibaba.com,62d3b9a1fc13ae55b700030f,Govardhan Puja,96412,$3921.56,$1831.69,Osiek,Poland,false,true
user,gwehnerr6@sciencedaily.com,62d3b9a1fc13ae55b7000310,Maha Shivratri,5360,$6680.87,$7275.80,Xilaiqiao,China,true,true
user,gwehnerr6@sciencedaily.com,62d3b9a1fc13ae55b7000311,Losar,53043,$4771.92,$4315.61,Krajan Pundungsari,Indonesia,false,false
user,eagirret@senate.gov,62d3b9a1fc13ae55b7000312,Mewar Festival,27622,$4945.94,$8211.65,Petrokamenskoye,Russia,true,false
user,geayres11@alibaba.com,62d3b9a1fc13ae55b7000313,Makar Sankranti,51016,$7424.67,$8057.75,Graz,Austria,true,false
user,gwehnerr6@sciencedaily.com,62d3b9a1fc13ae55b7000314,Maha Shivratri,75980,$6869.96,$4669.51,Idritsa,Russia,true,false
user,mnodeso@parallels.com,62d3b9a1fc13ae55b7000315,Losar,4136,$7933.94,$6474.83,Kedungbang,Indonesia,true,false
user,cjanssonp@va.gov,62d3b9a1fc13ae55b7000316,Ganesh Chaturthi,87104,$6329.65,$9524.64,Arias,Argentina,false,true
user,odumbleton12@infoseek.co.jp,62d3b9a1fc13ae55b7000317,Krishna Janmashtami,78177,$4096.03,$9778.44,Ariz,Portugal,true,false
user,geayres11@alibaba.com,62d3b9a1fc13ae55b7000318,Diwali,74059,$9783.76,$9430.69,San Juan Ermita,Guatemala,true,false
user,eblaney14@berkeley.edu,62d3b9a1fc13ae55b7000319,Camel Festival,28153,$6907.06,$7100.68,Jianghong,China,false,false
user,vtregidoi@bbc.co.uk,62d3b9a1fc13ae55b700031a,Makar Sankranti,17853,$8855.41,$4506.47,Senduro,Indonesia,false,true
user,geayres11@alibaba.com,62d3b9a1fc13ae55b700031b,Hornbill Festival,88014,$6832.29,$3832.40,Yujin,China,false,false
user,cwayte18@springer.com,62d3b9a1fc13ae55b700031c,Hemis,30670,$7107.83,$9189.23,Martin,Croatia,false,false
user,cwayte18@springer.com,62d3b9a1fc13ae55b700031d,Holi,10455,$8300.01,$2944.12,Za‘tarah,Palestinian Territory,true,false
user,cwayte18@springer.com,62d3b9a1fc13ae55b700031e,Ugadi,86815,$3032.83,$3531.27,Las Matas de Santa Cruz,Dominican Republic,true,true
user,oskehane@ovh.net,62d3b9a1fc13ae55b700031f,Ugadi,9363,$4842.73,$3078.21,Cawayan,Philippines,true,false
user,hcuddyg@telegraph.co.uk,62d3b9a1fc13ae55b7000320,Maha Shivratri,41340,$8172.03,$3157.95,Mellieħa,Malta,true,false
user,ogunney4@scientificamerican.com,62d3b9a1fc13ae55b7000321,Hemis,64051,$5234.60,$7582.30,Tianxin,China,false,true
user,mmcviey@bbc.co.uk,62d3b9a1fc13ae55b7000322,Basant Panchami,12604,$1530.86,$5787.15,Rutul,Russia,false,false
user,mmcviey@bbc.co.uk,62d3b9a1fc13ae55b7000323,Maha Shivratri,87557,$9129.38,$7057.37,Paris 10,France,true,true
user,eblaney14@berkeley.edu,62d3b9a1fc13ae55b7000324,Christmas,76282,$3338.91,$6830.25,Jiangpu,China,true,false
user,geayres11@alibaba.com,62d3b9a1fc13ae55b7000325,Mahavir Jayanti,7446,$9169.01,$6571.24,Padangcermin,Indonesia,true,true
user,mmcviey@bbc.co.uk,62d3b9a1fc13ae55b7000326,Ugadi,82106,$3476.97,$7953.42,Dingyan,China,false,false
user,ogunney4@scientificamerican.com,62d3b9a1fc13ae55b7000327,Eid-Ul-Fitr,50662,$6870.12,$6206.19,Ondo,Nigeria,false,false
user,gwehnerr6@sciencedaily.com,62d3b9a1fc13ae55b7000328,Kumbh Mela,40407,$7829.11,$3137.10,Changqing,China,true,true
user,ybrettel5@youku.com,62d3b9a1fc13ae55b7000329,Hemis,65353,$1230.68,$6182.43,Santo Tomé,Argentina,false,true
user,mmcviey@bbc.co.uk,62d3b9a1fc13ae55b700032a,Losar,67603,$4775.62,$6267.62,Baltimore,United States,true,true
user,mnodeso@parallels.com,62d3b9a1fc13ae55b700032b,Gudi Padwa,43147,$8025.06,$6095.89,Lendan,Indonesia,true,false
user,cjanssonp@va.gov,62d3b9a1fc13ae55b700032c,Diwali,46458,$8172.08,$9538.81,Nyköping,Sweden,true,true
user,geayres11@alibaba.com,62d3b9a1fc13ae55b700032d,Bihu,35136,$2199.35,$4992.12,Nogueira do Cravo,Portugal,true,true
user,cwayte18@springer.com,62d3b9a1fc13ae55b700032e,Holi,63362,$2880.21,$1545.97,Al Jamālīyah,Egypt,true,true
user,hcuddyg@telegraph.co.uk,62d3b9a1fc13ae55b700032f,Makar Sankranti,20529,$8815.72,$6192.75,Cái Nhum,Vietnam,false,false
user,gwehnerr6@sciencedaily.com,62d3b9a1fc13ae55b7000330,Navratri,4510,$4242.83,$1360.33,Stari Grad,Serbia,true,true
user,oskehane@ovh.net,62d3b9a1fc13ae55b7000331,Basant Panchami,52967,$3207.50,$4717.11,Ichinoseki,Japan,true,false
user,gwehnerr6@sciencedaily.com,62d3b9a1fc13ae55b7000332,Dree Festival,26028,$7012.71,$4253.99,Dhamār,Yemen,false,true
user,ogunney4@scientificamerican.com,62d3b9a1fc13ae55b7000333,Holi,19108,$6634.69,$8706.88,Mtsensk,Russia,true,true
user,cwayte18@springer.com,62d3b9a1fc13ae55b7000334,Thrissur Pooram,75011,$6288.37,$4154.08,Saransk,Russia,true,true
user,hcuddyg@telegraph.co.uk,62d3b9a1fc13ae55b7000335,Buddha Jayanti,33436,$2825.04,$1490.77,Abū Qalqal,Syria,false,true
user,cwayte18@springer.com,62d3b9a1fc13ae55b7000336,Makar Sankranti,24716,$9931.99,$3780.30,Hengjie,China,false,true
user,gwehnerr6@sciencedaily.com,62d3b9a1fc13ae55b7000337,Baisakhi,50624,$7443.55,$3933.76,Sungaiduri,Indonesia,false,true
user,gwehnerr6@sciencedaily.com,62d3b9a1fc13ae55b7000338,Hemis,27402,$3425.99,$5224.29,Decatur,United States,false,true
user,eblaney14@berkeley.edu,62d3b9a1fc13ae55b7000339,Diwali,64130,$1484.97,$7480.50,Refojos,Portugal,true,true
user,cjanssonp@va.gov,62d3b9a1fc13ae55b700033a,Republic Day,24723,$3040.32,$5267.24,Varadero,Cuba,true,false
user,mmcviey@bbc.co.uk,62d3b9a1fc13ae55b700033b,Mewar Festival,50948,$7249.92,$7462.00,Pedro Leopoldo,Brazil,true,true
user,eblaney14@berkeley.edu,62d3b9a1fc13ae55b700033c,Raksha Bandhan,1054,$4957.87,$4805.09,Kālia,Bangladesh,true,false
user,ybrettel5@youku.com,62d3b9a1fc13ae55b700033d,Makar Sankranti,64790,$5316.55,$4007.81,Bentiu,South Sudan,false,true
