role,user_id,event_id,comments,finance_status,ai_status,status
finance_manager,lrainardj@ifeng.com,62d3b99ffc13ae55b700014a,Suspendisse potenti. In eleifend quam a odio. In hac habitasse platea dictumst.,true,true,true
finance_manager,mtrillow@toplist.cz,62d3b99ffc13ae55b700014b,Nullam sit amet turpis elementum ligula vehicula consequat. Morbi a ipsum. Integer a nibh.,true,false,true
finance_manager,ilatusk@samsung.com,62d3b99ffc13ae55b700014c,Maecenas ut massa quis augue luctus tincidunt. Nulla mollis molestie lorem. Quisque ut erat.,false,false,true
finance_manager,mgulliman1d@sciencedaily.com,62d3b99ffc13ae55b700014d,Integer ac leo. Pellentesque ultrices mattis odio. Donec vitae nisi.,true,true,true
finance_manager,hluckingsn@yandex.ru,62d3b99ffc13ae55b700014e,Phasellus sit amet erat. Nulla tempus. Vivamus in felis eu sapien cursus vestibulum.,true,true,true
finance_manager,raylingd@harvard.edu,62d3b99ffc13ae55b700014f,"Proin interdum mauris non ligula pellentesque ultrices. Phasellus id sapien in sapien iaculis congue. Vivamus metus arcu, adipiscing molestie, hendrerit at, vulputate vitae, nisl.",true,true,false
finance_manager,ilatusk@samsung.com,62d3b99ffc13ae55b7000150,Integer tincidunt ante vel ipsum. Praesent blandit lacinia erat. Vestibulum sed magna at nunc commodo placerat.,true,true,true
finance_manager,mtrillow@toplist.cz,62d3b99ffc13ae55b7000151,Nulla ut erat id mauris vulputate elementum. Nullam varius. Nulla facilisi.,true,false,false
finance_manager,mguild19@reference.com,62d3b99ffc13ae55b7000152,"Vestibulum ac est lacinia nisi venenatis tristique. Fusce congue, diam id ornare imperdiet, sapien urna pretium nisl, ut volutpat sapien arcu sed augue. Aliquam erat volutpat.",true,true,false
finance_manager,hluckingsn@yandex.ru,62d3b99ffc13ae55b7000153,"Morbi non lectus. Aliquam sit amet diam in magna bibendum imperdiet. Nullam orci pede, venenatis non, sodales sed, tincidunt eu, felis.",false,true,true
finance_manager,mtrillow@toplist.cz,62d3b99ffc13ae55b7000154,Fusce consequat. Nulla nisl. Nunc nisl.,true,false,true
finance_manager,mgulliman1d@sciencedaily.com,62d3b99ffc13ae55b7000155,"Proin interdum mauris non ligula pellentesque ultrices. Phasellus id sapien in sapien iaculis congue. Vivamus metus arcu, adipiscing molestie, hendrerit at, vulputate vitae, nisl.",true,true,true
finance_manager,tpasfield17@who.int,62d3b99ffc13ae55b7000156,Suspendisse potenti. In eleifend quam a odio. In hac habitasse platea dictumst.,true,false,true
finance_manager,mburburoughv@constantcontact.com,62d3b99ffc13ae55b7000157,Phasellus in felis. Donec semper sapien a libero. Nam dui.,true,false,true
finance_manager,hluckingsn@yandex.ru,62d3b99ffc13ae55b7000158,"Morbi porttitor lorem id ligula. Suspendisse ornare consequat lectus. In est risus, auctor sed, tristique in, tempus sit amet, sem.",true,false,true
finance_manager,lrainardj@ifeng.com,62d3b99ffc13ae55b7000159,"In sagittis dui vel nisl. Duis ac nibh. Fusce lacus purus, aliquet at, feugiat non, pretium quis, lectus.",false,false,false
finance_manager,ayaakov1c@npr.org,62d3b99ffc13ae55b700015a,"Curabitur at ipsum ac tellus semper interdum. Mauris ullamcorper purus sit amet nulla. Quisque arcu libero, rutrum ac, lobortis vel, dapibus at, diam.",true,true,true
finance_manager,mburburoughv@constantcontact.com,62d3b99ffc13ae55b700015b,"Quisque id justo sit amet sapien dignissim vestibulum. Vestibulum ante ipsum primis in faucibus orci luctus et ultrices posuere cubilia Curae; Nulla dapibus dolor vel est. Donec odio justo, sollicitudin ut, suscipit a, feugiat et, eros.",false,true,true
finance_manager,mguild19@reference.com,62d3b99ffc13ae55b700015c,Duis bibendum. Morbi non quam nec dui luctus rutrum. Nulla tellus.,true,true,false
finance_manager,ayaakov1c@npr.org,62d3b99ffc13ae55b700015d,Nullam sit amet turpis elementum ligula vehicula consequat. Morbi a ipsum. Integer a nibh.,true,true,false
finance_manager,raylingd@harvard.edu,62d3b99ffc13ae55b700015e,Nulla ut erat id mauris vulputate elementum. Nullam varius. Nulla facilisi.,true,true,false
finance_manager,mtrillow@toplist.cz,62d3b99ffc13ae55b700015f,Aliquam quis turpis eget elit sodales scelerisque. Mauris sit amet eros. Suspendisse accumsan tortor quis turpis.,true,true,true
finance_manager,mtrillow@toplist.cz,62d3b99ffc13ae55b7000160,"Mauris enim leo, rhoncus sed, vestibulum sit amet, cursus id, turpis. Integer aliquet, massa id lobortis convallis, tortor risus dapibus augue, vel accumsan tellus nisi eu orci. Mauris lacinia sapien quis libero.",true,false,true
finance_manager,tpasfield17@who.int,62d3b99ffc13ae55b7000161,"Vestibulum quam sapien, varius ut, blandit non, interdum in, ante. Vestibulum ante ipsum primis in faucibus orci luctus et ultrices posuere cubilia Curae; Duis faucibus accumsan odio. Curabitur convallis.",true,false,false
finance_manager,raylingd@harvard.edu,62d3b99ffc13ae55b7000162,"Quisque id justo sit amet sapien dignissim vestibulum. Vestibulum ante ipsum primis in faucibus orci luctus et ultrices posuere cubilia Curae; Nulla dapibus dolor vel est. Donec odio justo, sollicitudin ut, suscipit a, feugiat et, eros.",false,true,false
finance_manager,mtrillow@toplist.cz,62d3b99ffc13ae55b7000163,"In sagittis dui vel nisl. Duis ac nibh. Fusce lacus purus, aliquet at, feugiat non, pretium quis, lectus.",false,true,true
finance_manager,mgulliman1d@sciencedaily.com,62d3b99ffc13ae55b7000164,Nulla ut erat id mauris vulputate elementum. Nullam varius. Nulla facilisi.,false,true,false
finance_manager,ayaakov1c@npr.org,62d3b99ffc13ae55b7000165,"Donec diam neque, vestibulum eget, vulputate ut, ultrices vel, augue. Vestibulum ante ipsum primis in faucibus orci luctus et ultrices posuere cubilia Curae; Donec pharetra, magna vestibulum aliquet ultrices, erat tortor sollicitudin mi, sit amet lobortis sapien sapien non mi. Integer ac neque.",false,true,true
finance_manager,ytallquist1b@scribd.com,62d3b99ffc13ae55b7000166,Suspendisse potenti. In eleifend quam a odio. In hac habitasse platea dictumst.,true,false,false
finance_manager,mtrillow@toplist.cz,62d3b99ffc13ae55b7000167,"Mauris enim leo, rhoncus sed, vestibulum sit amet, cursus id, turpis. Integer aliquet, massa id lobortis convallis, tortor risus dapibus augue, vel accumsan tellus nisi eu orci. Mauris lacinia sapien quis libero.",true,true,false
finance_manager,tpasfield17@who.int,62d3b99ffc13ae55b7000168,"Morbi non lectus. Aliquam sit amet diam in magna bibendum imperdiet. Nullam orci pede, venenatis non, sodales sed, tincidunt eu, felis.",false,false,false
finance_manager,ayaakov1c@npr.org,62d3b99ffc13ae55b7000169,Phasellus in felis. Donec semper sapien a libero. Nam dui.,true,true,false
finance_manager,raylingd@harvard.edu,62d3b99ffc13ae55b700016a,Maecenas ut massa quis augue luctus tincidunt. Nulla mollis molestie lorem. Quisque ut erat.,true,true,false
finance_manager,ilatusk@samsung.com,62d3b99ffc13ae55b700016b,In hac habitasse platea dictumst. Etiam faucibus cursus urna. Ut tellus.,false,true,false
finance_manager,mgulliman1d@sciencedaily.com,62d3b99ffc13ae55b700016c,"Proin eu mi. Nulla ac enim. In tempor, turpis nec euismod scelerisque, quam turpis adipiscing lorem, vitae mattis nibh ligula nec sem.",false,true,true
finance_manager,mgulliman1d@sciencedaily.com,62d3b99ffc13ae55b700016d,Nulla ut erat id mauris vulputate elementum. Nullam varius. Nulla facilisi.,false,true,false
finance_manager,mtrillow@toplist.cz,62d3b99ffc13ae55b700016e,Integer ac leo. Pellentesque ultrices mattis odio. Donec vitae nisi.,true,false,false
finance_manager,hluckingsn@yandex.ru,62d3b99ffc13ae55b700016f,"Donec diam neque, vestibulum eget, vulputate ut, ultrices vel, augue. Vestibulum ante ipsum primis in faucibus orci luctus et ultrices posuere cubilia Curae; Donec pharetra, magna vestibulum aliquet ultrices, erat tortor sollicitudin mi, sit amet lobortis sapien sapien non mi. Integer ac neque.",false,true,false
finance_manager,ayaakov1c@npr.org,62d3b99ffc13ae55b7000170,"Proin interdum mauris non ligula pellentesque ultrices. Phasellus id sapien in sapien iaculis congue. Vivamus metus arcu, adipiscing molestie, hendrerit at, vulputate vitae, nisl.",false,true,true
finance_manager,htruswellq@edublogs.org,62d3b99ffc13ae55b7000171,"Proin interdum mauris non ligula pellentesque ultrices. Phasellus id sapien in sapien iaculis congue. Vivamus metus arcu, adipiscing molestie, hendrerit at, vulputate vitae, nisl.",true,false,true
finance_manager,ilatusk@samsung.com,62d3b99ffc13ae55b7000172,"Maecenas tristique, est et tempus semper, est quam pharetra magna, ac consequat metus sapien ut nunc. Vestibulum ante ipsum primis in faucibus orci luctus et ultrices posuere cubilia Curae; Mauris viverra diam vitae quam. Suspendisse potenti.",true,false,false
finance_manager,ytallquist1b@scribd.com,62d3b99ffc13ae55b7000173,"Maecenas leo odio, condimentum id, luctus nec, molestie sed, justo. Pellentesque viverra pede ac diam. Cras pellentesque volutpat dui.",true,true,true
finance_manager,tpasfield17@who.int,62d3b99ffc13ae55b7000174,"Curabitur at ipsum ac tellus semper interdum. Mauris ullamcorper purus sit amet nulla. Quisque arcu libero, rutrum ac, lobortis vel, dapibus at, diam.",false,true,false
finance_manager,ilatusk@samsung.com,62d3b99ffc13ae55b7000175,"Proin leo odio, porttitor id, consequat in, consequat ut, nulla. Sed accumsan felis. Ut at dolor quis odio consequat varius.",true,true,true
finance_manager,mtrillow@toplist.cz,62d3b99ffc13ae55b7000176,Nullam sit amet turpis elementum ligula vehicula consequat. Morbi a ipsum. Integer a nibh.,false,true,true
finance_manager,mtrillow@toplist.cz,62d3b99ffc13ae55b7000177,"Maecenas tristique, est et tempus semper, est quam pharetra magna, ac consequat metus sapien ut nunc. Vestibulum ante ipsum primis in faucibus orci luctus et ultrices posuere cubilia Curae; Mauris viverra diam vitae quam. Suspendisse potenti.",true,true,true
finance_manager,ytallquist1b@scribd.com,62d3b99ffc13ae55b7000178,"Curabitur gravida nisi at nibh. In hac habitasse platea dictumst. Aliquam augue quam, sollicitudin vitae, consectetuer eget, rutrum at, lorem.",false,true,false
finance_manager,tpasfield17@who.int,62d3b99ffc13ae55b7000179,"In sagittis dui vel nisl. Duis ac nibh. Fusce lacus purus, aliquet at, feugiat non, pretium quis, lectus.",false,false,false
finance_manager,mguild19@reference.com,62d3b99ffc13ae55b700017a,Nulla ut erat id mauris vulputate elementum. Nullam varius. Nulla facilisi.,false,false,false
finance_manager,ytallquist1b@scribd.com,62d3b99ffc13ae55b700017b,"Quisque porta volutpat erat. Quisque erat eros, viverra eget, congue eget, semper rutrum, nulla. Nunc purus.",false,false,true
finance_manager,tpasfield17@who.int,62d3b99ffc13ae55b700017c,Integer tincidunt ante vel ipsum. Praesent blandit lacinia erat. Vestibulum sed magna at nunc commodo placerat.,true,true,false
finance_manager,ayaakov1c@npr.org,62d3b99ffc13ae55b700017d,Etiam vel augue. Vestibulum rutrum rutrum neque. Aenean auctor gravida sem.,false,true,true
finance_manager,ayaakov1c@npr.org,62d3b99ffc13ae55b700017e,Cras non velit nec nisi vulputate nonummy. Maecenas tincidunt lacus at velit. Vivamus vel nulla eget eros elementum pellentesque.,true,true,false
finance_manager,mburburoughv@constantcontact.com,62d3b99ffc13ae55b700017f,"Morbi non lectus. Aliquam sit amet diam in magna bibendum imperdiet. Nullam orci pede, venenatis non, sodales sed, tincidunt eu, felis.",true,true,true
finance_manager,hluckingsn@yandex.ru,62d3b99ffc13ae55b7000180,"Cras mi pede, malesuada in, imperdiet et, commodo vulputate, justo. In blandit ultrices enim. Lorem ipsum dolor sit amet, consectetuer adipiscing elit.",false,true,false
finance_manager,ayaakov1c@npr.org,62d3b99ffc13ae55b7000181,"Mauris enim leo, rhoncus sed, vestibulum sit amet, cursus id, turpis. Integer aliquet, massa id lobortis convallis, tortor risus dapibus augue, vel accumsan tellus nisi eu orci. Mauris lacinia sapien quis libero.",false,false,false
finance_manager,mgulliman1d@sciencedaily.com,62d3b99ffc13ae55b7000182,Suspendisse potenti. In eleifend quam a odio. In hac habitasse platea dictumst.,false,false,false
finance_manager,lrainardj@ifeng.com,62d3b99ffc13ae55b7000183,Integer tincidunt ante vel ipsum. Praesent blandit lacinia erat. Vestibulum sed magna at nunc commodo placerat.,false,true,false
finance_manager,ytallquist1b@scribd.com,62d3b99ffc13ae55b7000184,"Aenean fermentum. Donec ut mauris eget massa tempor convallis. Nulla neque libero, convallis eget, eleifend luctus, ultricies eu, nibh.",true,false,true
finance_manager,mburburoughv@constantcontact.com,62d3b99ffc13ae55b7000185,"Aenean fermentum. Donec ut mauris eget massa tempor convallis. Nulla neque libero, convallis eget, eleifend luctus, ultricies eu, nibh.",false,false,false
finance_manager,ytallquist1b@scribd.com,62d3b99ffc13ae55b7000186,"Donec diam neque, vestibulum eget, vulputate ut, ultrices vel, augue. Vestibulum ante ipsum primis in faucibus orci luctus et ultrices posuere cubilia Curae; Donec pharetra, magna vestibulum aliquet ultrices, erat tortor sollicitudin mi, sit amet lobortis sapien sapien non mi. Integer ac neque.",true,true,false
finance_manager,lrainardj@ifeng.com,62d3b99ffc13ae55b7000187,"Morbi porttitor lorem id ligula. Suspendisse ornare consequat lectus. In est risus, auctor sed, tristique in, tempus sit amet, sem.",true,false,false
finance_manager,ytallquist1b@scribd.com,62d3b99ffc13ae55b7000188,Aenean lectus. Pellentesque eget nunc. Donec quis orci eget orci vehicula condimentum.,true,false,false
finance_manager,mgulliman1d@sciencedaily.com,62d3b99ffc13ae55b7000189,"Curabitur in libero ut massa volutpat convallis. Morbi odio odio, elementum eu, interdum eu, tincidunt in, leo. Maecenas pulvinar lobortis est.",true,false,false
finance_manager,mtrillow@toplist.cz,62d3b99ffc13ae55b700018a,Fusce consequat. Nulla nisl. Nunc nisl.,false,false,false
finance_manager,ytallquist1b@scribd.com,62d3b99ffc13ae55b700018b,"Vestibulum quam sapien, varius ut, blandit non, interdum in, ante. Vestibulum ante ipsum primis in faucibus orci luctus et ultrices posuere cubilia Curae; Duis faucibus accumsan odio. Curabitur convallis.",false,false,false
finance_manager,raylingd@harvard.edu,62d3b99ffc13ae55b700018c,"Quisque porta volutpat erat. Quisque erat eros, viverra eget, congue eget, semper rutrum, nulla. Nunc purus.",true,false,true
finance_manager,hluckingsn@yandex.ru,62d3b99ffc13ae55b700018d,Nullam porttitor lacus at turpis. Donec posuere metus vitae ipsum. Aliquam non mauris.,false,false,false
finance_manager,mtrillow@toplist.cz,62d3b99ffc13ae55b700018e,"Quisque id justo sit amet sapien dignissim vestibulum. Vestibulum ante ipsum primis in faucibus orci luctus et ultrices posuere cubilia Curae; Nulla dapibus dolor vel est. Donec odio justo, sollicitudin ut, suscipit a, feugiat et, eros.",false,true,true
finance_manager,ytallquist1b@scribd.com,62d3b99ffc13ae55b700018f,Duis consequat dui nec nisi volutpat eleifend. Donec ut dolor. Morbi vel lectus in quam fringilla rhoncus.,false,false,true
finance_manager,mgulliman1d@sciencedaily.com,62d3b99ffc13ae55b7000190,"Curabitur at ipsum ac tellus semper interdum. Mauris ullamcorper purus sit amet nulla. Quisque arcu libero, rutrum ac, lobortis vel, dapibus at, diam.",true,false,true
finance_manager,hluckingsn@yandex.ru,62d3b99ffc13ae55b7000191,"In sagittis dui vel nisl. Duis ac nibh. Fusce lacus purus, aliquet at, feugiat non, pretium quis, lectus.",true,true,false
finance_manager,mgulliman1d@sciencedaily.com,62d3b99ffc13ae55b7000192,Nulla ut erat id mauris vulputate elementum. Nullam varius. Nulla facilisi.,false,false,true
finance_manager,ayaakov1c@npr.org,62d3b99ffc13ae55b7000193,Fusce consequat. Nulla nisl. Nunc nisl.,true,false,true
finance_manager,mguild19@reference.com,62d3b99ffc13ae55b7000194,"Proin leo odio, porttitor id, consequat in, consequat ut, nulla. Sed accumsan felis. Ut at dolor quis odio consequat varius.",false,false,true
finance_manager,mguild19@reference.com,62d3b99ffc13ae55b7000195,Suspendisse potenti. In eleifend quam a odio. In hac habitasse platea dictumst.,true,true,true
finance_manager,ilatusk@samsung.com,62d3b99ffc13ae55b7000196,Phasellus in felis. Donec semper sapien a libero. Nam dui.,true,false,false
finance_manager,hluckingsn@yandex.ru,62d3b99ffc13ae55b7000197,"Vestibulum ac est lacinia nisi venenatis tristique. Fusce congue, diam id ornare imperdiet, sapien urna pretium nisl, ut volutpat sapien arcu sed augue. Aliquam erat volutpat.",true,true,false
finance_manager,lrainardj@ifeng.com,62d3b99ffc13ae55b7000198,"In hac habitasse platea dictumst. Morbi vestibulum, velit id pretium iaculis, diam erat fermentum justo, nec condimentum neque sapien placerat ante. Nulla justo.",true,true,true
finance_manager,mgulliman1d@sciencedaily.com,62d3b99ffc13ae55b7000199,Aenean lectus. Pellentesque eget nunc. Donec quis orci eget orci vehicula condimentum.,false,true,true
finance_manager,mburburoughv@constantcontact.com,62d3b99ffc13ae55b700019a,"In sagittis dui vel nisl. Duis ac nibh. Fusce lacus purus, aliquet at, feugiat non, pretium quis, lectus.",true,false,true
finance_manager,ayaakov1c@npr.org,62d3b99ffc13ae55b700019b,"In hac habitasse platea dictumst. Morbi vestibulum, velit id pretium iaculis, diam erat fermentum justo, nec condimentum neque sapien placerat ante. Nulla justo.",true,true,true
finance_manager,mgulliman1d@sciencedaily.com,62d3b99ffc13ae55b700019c,Pellentesque at nulla. Suspendisse potenti. Cras in purus eu magna vulputate luctus.,true,true,false
finance_manager,ayaakov1c@npr.org,62d3b99ffc13ae55b700019d,Fusce consequat. Nulla nisl. Nunc nisl.,false,true,false
finance_manager,mguild19@reference.com,62d3b99ffc13ae55b700019e,Duis aliquam convallis nunc. Proin at turpis a pede posuere nonummy. Integer non velit.,false,true,true
finance_manager,hluckingsn@yandex.ru,62d3b99ffc13ae55b700019f,Phasellus sit amet erat. Nulla tempus. Vivamus in felis eu sapien cursus vestibulum.,true,false,true
finance_manager,mtrillow@toplist.cz,62d3b99ffc13ae55b70001a0,Sed ante. Vivamus tortor. Duis mattis egestas metus.,false,false,false
finance_manager,raylingd@harvard.edu,62d3b99ffc13ae55b70001a1,Praesent id massa id nisl venenatis lacinia. Aenean sit amet justo. Morbi ut odio.,true,true,false
finance_manager,tpasfield17@who.int,62d3b99ffc13ae55b70001a2,Aenean lectus. Pellentesque eget nunc. Donec quis orci eget orci vehicula condimentum.,false,false,true
finance_manager,mtrillow@toplist.cz,62d3b99ffc13ae55b70001a3,Pellentesque at nulla. Suspendisse potenti. Cras in purus eu magna vulputate luctus.,false,false,true
finance_manager,ayaakov1c@npr.org,62d3b99ffc13ae55b70001a4,"Quisque id justo sit amet sapien dignissim vestibulum. Vestibulum ante ipsum primis in faucibus orci luctus et ultrices posuere cubilia Curae; Nulla dapibus dolor vel est. Donec odio justo, sollicitudin ut, suscipit a, feugiat et, eros.",true,false,false
finance_manager,mtrillow@toplist.cz,62d3b99ffc13ae55b70001a5,"Curabitur at ipsum ac tellus semper interdum. Mauris ullamcorper purus sit amet nulla. Quisque arcu libero, rutrum ac, lobortis vel, dapibus at, diam.",false,false,false
finance_manager,mgulliman1d@sciencedaily.com,62d3b99ffc13ae55b70001a6,"Aenean fermentum. Donec ut mauris eget massa tempor convallis. Nulla neque libero, convallis eget, eleifend luctus, ultricies eu, nibh.",false,true,true
finance_manager,raylingd@harvard.edu,62d3b99ffc13ae55b70001a7,"Praesent blandit. Nam nulla. Integer pede justo, lacinia eget, tincidunt eget, tempus vel, pede.",false,false,true
finance_manager,lrainardj@ifeng.com,62d3b99ffc13ae55b70001a8,Duis consequat dui nec nisi volutpat eleifend. Donec ut dolor. Morbi vel lectus in quam fringilla rhoncus.,false,false,true
finance_manager,mguild19@reference.com,62d3b99ffc13ae55b70001a9,Pellentesque at nulla. Suspendisse potenti. Cras in purus eu magna vulputate luctus.,true,true,false
finance_manager,mgulliman1d@sciencedaily.com,62d3b99ffc13ae55b70001aa,In congue. Etiam justo. Etiam pretium iaculis justo.,false,false,false
finance_manager,ytallquist1b@scribd.com,62d3b99ffc13ae55b70001ab,"In hac habitasse platea dictumst. Morbi vestibulum, velit id pretium iaculis, diam erat fermentum justo, nec condimentum neque sapien placerat ante. Nulla justo.",true,false,true
finance_manager,raylingd@harvard.edu,62d3b99ffc13ae55b70001ac,Nullam sit amet turpis elementum ligula vehicula consequat. Morbi a ipsum. Integer a nibh.,true,false,true
finance_manager,raylingd@harvard.edu,62d3b99ffc13ae55b70001ad,"Donec diam neque, vestibulum eget, vulputate ut, ultrices vel, augue. Vestibulum ante ipsum primis in faucibus orci luctus et ultrices posuere cubilia Curae; Donec pharetra, magna vestibulum aliquet ultrices, erat tortor sollicitudin mi, sit amet lobortis sapien sapien non mi. Integer ac neque.",false,false,false
finance_manager,hluckingsn@yandex.ru,62d3b99ffc13ae55b70001ae,"Quisque id justo sit amet sapien dignissim vestibulum. Vestibulum ante ipsum primis in faucibus orci luctus et ultrices posuere cubilia Curae; Nulla dapibus dolor vel est. Donec odio justo, sollicitudin ut, suscipit a, feugiat et, eros.",true,true,false
finance_manager,mgulliman1d@sciencedaily.com,62d3b99ffc13ae55b70001af,Duis consequat dui nec nisi volutpat eleifend. Donec ut dolor. Morbi vel lectus in quam fringilla rhoncus.,false,true,true
finance_manager,ayaakov1c@npr.org,62d3b99ffc13ae55b70001b0,"Fusce posuere felis sed lacus. Morbi sem mauris, laoreet ut, rhoncus aliquet, pulvinar sed, nisl. Nunc rhoncus dui vel sem.",false,true,true
finance_manager,mburburoughv@constantcontact.com,62d3b9a0fc13ae55b70001b1,Maecenas ut massa quis augue luctus tincidunt. Nulla mollis molestie lorem. Quisque ut erat.,true,true,true
finance_manager,lrainardj@ifeng.com,62d3b9a0fc13ae55b70001b2,"Cras mi pede, malesuada in, imperdiet et, commodo vulputate, justo. In blandit ultrices enim. Lorem ipsum dolor sit amet, consectetuer adipiscing elit.",true,true,true
finance_manager,hluckingsn@yandex.ru,62d3b9a0fc13ae55b70001b3,"In hac habitasse platea dictumst. Morbi vestibulum, velit id pretium iaculis, diam erat fermentum justo, nec condimentum neque sapien placerat ante. Nulla justo.",true,false,false
finance_manager,raylingd@harvard.edu,62d3b9a0fc13ae55b70001b4,"Morbi non lectus. Aliquam sit amet diam in magna bibendum imperdiet. Nullam orci pede, venenatis non, sodales sed, tincidunt eu, felis.",true,true,true
finance_manager,mtrillow@toplist.cz,62d3b9a0fc13ae55b70001b5,Integer tincidunt ante vel ipsum. Praesent blandit lacinia erat. Vestibulum sed magna at nunc commodo placerat.,false,true,true
finance_manager,ytallquist1b@scribd.com,62d3b9a0fc13ae55b70001b6,"In hac habitasse platea dictumst. Morbi vestibulum, velit id pretium iaculis, diam erat fermentum justo, nec condimentum neque sapien placerat ante. Nulla justo.",false,true,false
finance_manager,mguild19@reference.com,62d3b9a0fc13ae55b70001b7,Sed ante. Vivamus tortor. Duis mattis egestas metus.,true,false,false
finance_manager,mtrillow@toplist.cz,62d3b9a0fc13ae55b70001b8,In quis justo. Maecenas rhoncus aliquam lacus. Morbi quis tortor id nulla ultrices aliquet.,false,false,false
finance_manager,htruswellq@edublogs.org,62d3b9a0fc13ae55b70001b9,Suspendisse potenti. In eleifend quam a odio. In hac habitasse platea dictumst.,false,false,false
finance_manager,ytallquist1b@scribd.com,62d3b9a0fc13ae55b70001ba,"In hac habitasse platea dictumst. Morbi vestibulum, velit id pretium iaculis, diam erat fermentum justo, nec condimentum neque sapien placerat ante. Nulla justo.",true,false,false
finance_manager,htruswellq@edublogs.org,62d3b9a0fc13ae55b70001bb,Integer ac leo. Pellentesque ultrices mattis odio. Donec vitae nisi.,true,false,false
finance_manager,htruswellq@edublogs.org,62d3b9a0fc13ae55b70001bc,Cras non velit nec nisi vulputate nonummy. Maecenas tincidunt lacus at velit. Vivamus vel nulla eget eros elementum pellentesque.,false,false,false
finance_manager,tpasfield17@who.int,62d3b9a0fc13ae55b70001bd,Duis bibendum. Morbi non quam nec dui luctus rutrum. Nulla tellus.,true,false,true
finance_manager,tpasfield17@who.int,62d3b9a0fc13ae55b70001be,"Vestibulum ac est lacinia nisi venenatis tristique. Fusce congue, diam id ornare imperdiet, sapien urna pretium nisl, ut volutpat sapien arcu sed augue. Aliquam erat volutpat.",false,true,true
finance_manager,ilatusk@samsung.com,62d3b9a0fc13ae55b70001bf,In hac habitasse platea dictumst. Etiam faucibus cursus urna. Ut tellus.,true,false,false
finance_manager,raylingd@harvard.edu,62d3b9a0fc13ae55b70001c0,"Sed sagittis. Nam congue, risus semper porta volutpat, quam pede lobortis ligula, sit amet eleifend pede libero quis orci. Nullam molestie nibh in lectus.",true,false,true
finance_manager,tpasfield17@who.int,62d3b9a0fc13ae55b70001c1,"Quisque porta volutpat erat. Quisque erat eros, viverra eget, congue eget, semper rutrum, nulla. Nunc purus.",true,false,false
finance_manager,mtrillow@toplist.cz,62d3b9a0fc13ae55b70001c2,"Maecenas tristique, est et tempus semper, est quam pharetra magna, ac consequat metus sapien ut nunc. Vestibulum ante ipsum primis in faucibus orci luctus et ultrices posuere cubilia Curae; Mauris viverra diam vitae quam. Suspendisse potenti.",false,false,true
finance_manager,ytallquist1b@scribd.com,62d3b9a0fc13ae55b70001c3,"Aenean fermentum. Donec ut mauris eget massa tempor convallis. Nulla neque libero, convallis eget, eleifend luctus, ultricies eu, nibh.",true,false,false
finance_manager,mguild19@reference.com,62d3b9a0fc13ae55b70001c4,Sed ante. Vivamus tortor. Duis mattis egestas metus.,false,true,true
finance_manager,ayaakov1c@npr.org,62d3b9a0fc13ae55b70001c5,"Fusce posuere felis sed lacus. Morbi sem mauris, laoreet ut, rhoncus aliquet, pulvinar sed, nisl. Nunc rhoncus dui vel sem.",false,true,true
finance_manager,ayaakov1c@npr.org,62d3b9a0fc13ae55b70001c6,Sed ante. Vivamus tortor. Duis mattis egestas metus.,true,true,true
finance_manager,hluckingsn@yandex.ru,62d3b9a0fc13ae55b70001c7,"Vestibulum ac est lacinia nisi venenatis tristique. Fusce congue, diam id ornare imperdiet, sapien urna pretium nisl, ut volutpat sapien arcu sed augue. Aliquam erat volutpat.",true,false,true
finance_manager,lrainardj@ifeng.com,62d3b9a0fc13ae55b70001c8,"In hac habitasse platea dictumst. Morbi vestibulum, velit id pretium iaculis, diam erat fermentum justo, nec condimentum neque sapien placerat ante. Nulla justo.",false,true,true
finance_manager,mguild19@reference.com,62d3b9a0fc13ae55b70001c9,Cras non velit nec nisi vulputate nonummy. Maecenas tincidunt lacus at velit. Vivamus vel nulla eget eros elementum pellentesque.,true,false,true
finance_manager,lrainardj@ifeng.com,62d3b9a0fc13ae55b70001ca,"Proin leo odio, porttitor id, consequat in, consequat ut, nulla. Sed accumsan felis. Ut at dolor quis odio consequat varius.",false,false,false
finance_manager,ytallquist1b@scribd.com,62d3b9a0fc13ae55b70001cb,"Donec diam neque, vestibulum eget, vulputate ut, ultrices vel, augue. Vestibulum ante ipsum primis in faucibus orci luctus et ultrices posuere cubilia Curae; Donec pharetra, magna vestibulum aliquet ultrices, erat tortor sollicitudin mi, sit amet lobortis sapien sapien non mi. Integer ac neque.",false,false,true
finance_manager,tpasfield17@who.int,62d3b9a0fc13ae55b70001cc,Nulla ut erat id mauris vulputate elementum. Nullam varius. Nulla facilisi.,false,true,false
finance_manager,mtrillow@toplist.cz,62d3b9a0fc13ae55b70001cd,Duis bibendum. Morbi non quam nec dui luctus rutrum. Nulla tellus.,true,true,true
finance_manager,ytallquist1b@scribd.com,62d3b9a0fc13ae55b70001ce,"In sagittis dui vel nisl. Duis ac nibh. Fusce lacus purus, aliquet at, feugiat non, pretium quis, lectus.",false,false,true
finance_manager,ilatusk@samsung.com,62d3b9a0fc13ae55b70001cf,Phasellus sit amet erat. Nulla tempus. Vivamus in felis eu sapien cursus vestibulum.,false,false,false
finance_manager,ilatusk@samsung.com,62d3b9a0fc13ae55b70001d0,"In sagittis dui vel nisl. Duis ac nibh. Fusce lacus purus, aliquet at, feugiat non, pretium quis, lectus.",false,false,true
finance_manager,mburburoughv@constantcontact.com,62d3b9a0fc13ae55b70001d1,"Praesent blandit. Nam nulla. Integer pede justo, lacinia eget, tincidunt eget, tempus vel, pede.",false,false,true
finance_manager,ayaakov1c@npr.org,62d3b9a0fc13ae55b70001d2,"In hac habitasse platea dictumst. Morbi vestibulum, velit id pretium iaculis, diam erat fermentum justo, nec condimentum neque sapien placerat ante. Nulla justo.",true,true,true
finance_manager,lrainardj@ifeng.com,62d3b9a0fc13ae55b70001d3,"Mauris enim leo, rhoncus sed, vestibulum sit amet, cursus id, turpis. Integer aliquet, massa id lobortis convallis, tortor risus dapibus augue, vel accumsan tellus nisi eu orci. Mauris lacinia sapien quis libero.",false,false,false
finance_manager,mguild19@reference.com,62d3b9a0fc13ae55b70001d4,"Donec diam neque, vestibulum eget, vulputate ut, ultrices vel, augue. Vestibulum ante ipsum primis in faucibus orci luctus et ultrices posuere cubilia Curae; Donec pharetra, magna vestibulum aliquet ultrices, erat tortor sollicitudin mi, sit amet lobortis sapien sapien non mi. Integer ac neque.",true,true,true
finance_manager,mguild19@reference.com,62d3b9a0fc13ae55b70001d5,"Vestibulum quam sapien, varius ut, blandit non, interdum in, ante. Vestibulum ante ipsum primis in faucibus orci luctus et ultrices posuere cubilia Curae; Duis faucibus accumsan odio. Curabitur convallis.",false,true,false
finance_manager,htruswellq@edublogs.org,62d3b9a0fc13ae55b70001d6,Duis consequat dui nec nisi volutpat eleifend. Donec ut dolor. Morbi vel lectus in quam fringilla rhoncus.,true,true,false
finance_manager,mtrillow@toplist.cz,62d3b9a0fc13ae55b70001d7,"Maecenas tristique, est et tempus semper, est quam pharetra magna, ac consequat metus sapien ut nunc. Vestibulum ante ipsum primis in faucibus orci luctus et ultrices posuere cubilia Curae; Mauris viverra diam vitae quam. Suspendisse potenti.",true,false,true
finance_manager,mburburoughv@constantcontact.com,62d3b9a0fc13ae55b70001d8,In congue. Etiam justo. Etiam pretium iaculis justo.,true,true,false
finance_manager,mtrillow@toplist.cz,62d3b9a0fc13ae55b70001d9,"Cum sociis natoque penatibus et magnis dis parturient montes, nascetur ridiculus mus. Vivamus vestibulum sagittis sapien. Cum sociis natoque penatibus et magnis dis parturient montes, nascetur ridiculus mus.",false,false,false
finance_manager,mgulliman1d@sciencedaily.com,62d3b9a0fc13ae55b70001da,"Donec diam neque, vestibulum eget, vulputate ut, ultrices vel, augue. Vestibulum ante ipsum primis in faucibus orci luctus et ultrices posuere cubilia Curae; Donec pharetra, magna vestibulum aliquet ultrices, erat tortor sollicitudin mi, sit amet lobortis sapien sapien non mi. Integer ac neque.",false,false,false
finance_manager,ytallquist1b@scribd.com,62d3b9a0fc13ae55b70001db,Phasellus in felis. Donec semper sapien a libero. Nam dui.,true,true,false
finance_manager,ilatusk@samsung.com,62d3b9a0fc13ae55b70001dc,"Proin interdum mauris non ligula pellentesque ultrices. Phasellus id sapien in sapien iaculis congue. Vivamus metus arcu, adipiscing molestie, hendrerit at, vulputate vitae, nisl.",false,false,false
finance_manager,hluckingsn@yandex.ru,62d3b9a0fc13ae55b70001dd,"Donec diam neque, vestibulum eget, vulputate ut, ultrices vel, augue. Vestibulum ante ipsum primis in faucibus orci luctus et ultrices posuere cubilia Curae; Donec pharetra, magna vestibulum aliquet ultrices, erat tortor sollicitudin mi, sit amet lobortis sapien sapien non mi. Integer ac neque.",true,false,false
finance_manager,mgulliman1d@sciencedaily.com,62d3b9a0fc13ae55b70001de,Cras non velit nec nisi vulputate nonummy. Maecenas tincidunt lacus at velit. Vivamus vel nulla eget eros elementum pellentesque.,false,true,true
finance_manager,htruswellq@edublogs.org,62d3b9a0fc13ae55b70001df,Maecenas ut massa quis augue luctus tincidunt. Nulla mollis molestie lorem. Quisque ut erat.,false,true,true
finance_manager,ilatusk@samsung.com,62d3b9a0fc13ae55b70001e0,"Curabitur at ipsum ac tellus semper interdum. Mauris ullamcorper purus sit amet nulla. Quisque arcu libero, rutrum ac, lobortis vel, dapibus at, diam.",true,false,false
finance_manager,lrainardj@ifeng.com,62d3b9a0fc13ae55b70001e1,Aenean lectus. Pellentesque eget nunc. Donec quis orci eget orci vehicula condimentum.,false,false,false
finance_manager,ytallquist1b@scribd.com,62d3b9a0fc13ae55b70001e2,Pellentesque at nulla. Suspendisse potenti. Cras in purus eu magna vulputate luctus.,true,false,false
finance_manager,mburburoughv@constantcontact.com,62d3b9a0fc13ae55b70001e3,"Quisque id justo sit amet sapien dignissim vestibulum. Vestibulum ante ipsum primis in faucibus orci luctus et ultrices posuere cubilia Curae; Nulla dapibus dolor vel est. Donec odio justo, sollicitudin ut, suscipit a, feugiat et, eros.",false,true,true
finance_manager,raylingd@harvard.edu,62d3b9a0fc13ae55b70001e4,"Vestibulum ac est lacinia nisi venenatis tristique. Fusce congue, diam id ornare imperdiet, sapien urna pretium nisl, ut volutpat sapien arcu sed augue. Aliquam erat volutpat.",false,false,false
finance_manager,mgulliman1d@sciencedaily.com,62d3b9a0fc13ae55b70001e5,Suspendisse potenti. In eleifend quam a odio. In hac habitasse platea dictumst.,true,true,true
finance_manager,mtrillow@toplist.cz,62d3b9a0fc13ae55b70001e6,"Duis bibendum, felis sed interdum venenatis, turpis enim blandit mi, in porttitor pede justo eu massa. Donec dapibus. Duis at velit eu est congue elementum.",false,false,true
finance_manager,mgulliman1d@sciencedaily.com,62d3b9a0fc13ae55b70001e7,"In hac habitasse platea dictumst. Morbi vestibulum, velit id pretium iaculis, diam erat fermentum justo, nec condimentum neque sapien placerat ante. Nulla justo.",false,true,false
finance_manager,mburburoughv@constantcontact.com,62d3b9a0fc13ae55b70001e8,Nullam porttitor lacus at turpis. Donec posuere metus vitae ipsum. Aliquam non mauris.,false,false,false
finance_manager,ilatusk@samsung.com,62d3b9a0fc13ae55b70001e9,"Maecenas leo odio, condimentum id, luctus nec, molestie sed, justo. Pellentesque viverra pede ac diam. Cras pellentesque volutpat dui.",false,true,false
finance_manager,htruswellq@edublogs.org,62d3b9a0fc13ae55b70001ea,"Morbi non lectus. Aliquam sit amet diam in magna bibendum imperdiet. Nullam orci pede, venenatis non, sodales sed, tincidunt eu, felis.",true,true,true
finance_manager,raylingd@harvard.edu,62d3b9a0fc13ae55b70001eb,Nulla ut erat id mauris vulputate elementum. Nullam varius. Nulla facilisi.,true,true,false
finance_manager,hluckingsn@yandex.ru,62d3b9a0fc13ae55b70001ec,"Aenean fermentum. Donec ut mauris eget massa tempor convallis. Nulla neque libero, convallis eget, eleifend luctus, ultricies eu, nibh.",false,true,false
finance_manager,lrainardj@ifeng.com,62d3b9a0fc13ae55b70001ed,Nullam sit amet turpis elementum ligula vehicula consequat. Morbi a ipsum. Integer a nibh.,false,true,true
finance_manager,mburburoughv@constantcontact.com,62d3b9a0fc13ae55b70001ee,In congue. Etiam justo. Etiam pretium iaculis justo.,false,false,true
finance_manager,raylingd@harvard.edu,62d3b9a0fc13ae55b70001ef,"Curabitur gravida nisi at nibh. In hac habitasse platea dictumst. Aliquam augue quam, sollicitudin vitae, consectetuer eget, rutrum at, lorem.",true,false,true
finance_manager,ilatusk@samsung.com,62d3b9a0fc13ae55b70001f0,Nullam sit amet turpis elementum ligula vehicula consequat. Morbi a ipsum. Integer a nibh.,false,true,false
finance_manager,ytallquist1b@scribd.com,62d3b9a0fc13ae55b70001f1,"Proin interdum mauris non ligula pellentesque ultrices. Phasellus id sapien in sapien iaculis congue. Vivamus metus arcu, adipiscing molestie, hendrerit at, vulputate vitae, nisl.",false,false,true
finance_manager,lrainardj@ifeng.com,62d3b9a0fc13ae55b70001f2,"Cras mi pede, malesuada in, imperdiet et, commodo vulputate, justo. In blandit ultrices enim. Lorem ipsum dolor sit amet, consectetuer adipiscing elit.",true,true,false
finance_manager,mguild19@reference.com,62d3b9a0fc13ae55b70001f3,"Cum sociis natoque penatibus et magnis dis parturient montes, nascetur ridiculus mus. Vivamus vestibulum sagittis sapien. Cum sociis natoque penatibus et magnis dis parturient montes, nascetur ridiculus mus.",true,false,false
finance_manager,lrainardj@ifeng.com,62d3b9a0fc13ae55b70001f4,"Fusce posuere felis sed lacus. Morbi sem mauris, laoreet ut, rhoncus aliquet, pulvinar sed, nisl. Nunc rhoncus dui vel sem.",false,true,true
finance_manager,htruswellq@edublogs.org,62d3b9a0fc13ae55b70001f5,"Proin eu mi. Nulla ac enim. In tempor, turpis nec euismod scelerisque, quam turpis adipiscing lorem, vitae mattis nibh ligula nec sem.",false,true,true
finance_manager,mtrillow@toplist.cz,62d3b9a0fc13ae55b70001f6,Suspendisse potenti. In eleifend quam a odio. In hac habitasse platea dictumst.,false,false,true
finance_manager,mburburoughv@constantcontact.com,62d3b9a0fc13ae55b70001f7,Nullam porttitor lacus at turpis. Donec posuere metus vitae ipsum. Aliquam non mauris.,false,true,false
finance_manager,raylingd@harvard.edu,62d3b9a0fc13ae55b70001f8,"Vestibulum quam sapien, varius ut, blandit non, interdum in, ante. Vestibulum ante ipsum primis in faucibus orci luctus et ultrices posuere cubilia Curae; Duis faucibus accumsan odio. Curabitur convallis.",false,true,false
finance_manager,hluckingsn@yandex.ru,62d3b9a0fc13ae55b70001f9,"Sed sagittis. Nam congue, risus semper porta volutpat, quam pede lobortis ligula, sit amet eleifend pede libero quis orci. Nullam molestie nibh in lectus.",true,false,false
finance_manager,mguild19@reference.com,62d3b9a0fc13ae55b70001fa,Nulla ut erat id mauris vulputate elementum. Nullam varius. Nulla facilisi.,false,false,false
finance_manager,ytallquist1b@scribd.com,62d3b9a0fc13ae55b70001fb,Phasellus in felis. Donec semper sapien a libero. Nam dui.,true,false,true
finance_manager,ytallquist1b@scribd.com,62d3b9a0fc13ae55b70001fc,Phasellus sit amet erat. Nulla tempus. Vivamus in felis eu sapien cursus vestibulum.,true,false,true
finance_manager,mguild19@reference.com,62d3b9a0fc13ae55b70001fd,Suspendisse potenti. In eleifend quam a odio. In hac habitasse platea dictumst.,false,false,false
finance_manager,mburburoughv@constantcontact.com,62d3b9a0fc13ae55b70001fe,"Curabitur at ipsum ac tellus semper interdum. Mauris ullamcorper purus sit amet nulla. Quisque arcu libero, rutrum ac, lobortis vel, dapibus at, diam.",false,false,true
finance_manager,htruswellq@edublogs.org,62d3b9a0fc13ae55b70001ff,Aliquam quis turpis eget elit sodales scelerisque. Mauris sit amet eros. Suspendisse accumsan tortor quis turpis.,false,false,true
finance_manager,raylingd@harvard.edu,62d3b9a0fc13ae55b7000200,Duis bibendum. Morbi non quam nec dui luctus rutrum. Nulla tellus.,true,false,false
finance_manager,ilatusk@samsung.com,62d3b9a0fc13ae55b7000201,"Mauris enim leo, rhoncus sed, vestibulum sit amet, cursus id, turpis. Integer aliquet, massa id lobortis convallis, tortor risus dapibus augue, vel accumsan tellus nisi eu orci. Mauris lacinia sapien quis libero.",false,false,true
finance_manager,lrainardj@ifeng.com,62d3b9a0fc13ae55b7000202,Cras non velit nec nisi vulputate nonummy. Maecenas tincidunt lacus at velit. Vivamus vel nulla eget eros elementum pellentesque.,true,false,true
finance_manager,mguild19@reference.com,62d3b9a0fc13ae55b7000203,Nulla ut erat id mauris vulputate elementum. Nullam varius. Nulla facilisi.,true,true,true
finance_manager,raylingd@harvard.edu,62d3b9a0fc13ae55b7000204,"Proin interdum mauris non ligula pellentesque ultrices. Phasellus id sapien in sapien iaculis congue. Vivamus metus arcu, adipiscing molestie, hendrerit at, vulputate vitae, nisl.",false,false,true
finance_manager,tpasfield17@who.int,62d3b9a0fc13ae55b7000205,In hac habitasse platea dictumst. Etiam faucibus cursus urna. Ut tellus.,true,false,false
finance_manager,ilatusk@samsung.com,62d3b9a0fc13ae55b7000206,Duis consequat dui nec nisi volutpat eleifend. Donec ut dolor. Morbi vel lectus in quam fringilla rhoncus.,true,false,false
finance_manager,hluckingsn@yandex.ru,62d3b9a0fc13ae55b7000207,Nullam porttitor lacus at turpis. Donec posuere metus vitae ipsum. Aliquam non mauris.,false,true,true
finance_manager,ayaakov1c@npr.org,62d3b9a0fc13ae55b7000208,"Donec diam neque, vestibulum eget, vulputate ut, ultrices vel, augue. Vestibulum ante ipsum primis in faucibus orci luctus et ultrices posuere cubilia Curae; Donec pharetra, magna vestibulum aliquet ultrices, erat tortor sollicitudin mi, sit amet lobortis sapien sapien non mi. Integer ac neque.",true,false,true
finance_manager,ilatusk@samsung.com,62d3b9a0fc13ae55b7000209,Aenean lectus. Pellentesque eget nunc. Donec quis orci eget orci vehicula condimentum.,false,false,false
finance_manager,mguild19@reference.com,62d3b9a0fc13ae55b700020a,In congue. Etiam justo. Etiam pretium iaculis justo.,false,false,false
finance_manager,mguild19@reference.com,62d3b9a0fc13ae55b700020b,Suspendisse potenti. In eleifend quam a odio. In hac habitasse platea dictumst.,true,true,false
finance_manager,mburburoughv@constantcontact.com,62d3b9a0fc13ae55b700020c,Phasellus sit amet erat. Nulla tempus. Vivamus in felis eu sapien cursus vestibulum.,false,true,true
finance_manager,lrainardj@ifeng.com,62d3b9a0fc13ae55b700020d,"Duis bibendum, felis sed interdum venenatis, turpis enim blandit mi, in porttitor pede justo eu massa. Donec dapibus. Duis at velit eu est congue elementum.",true,false,false
finance_manager,mtrillow@toplist.cz,62d3b9a0fc13ae55b700020e,Sed ante. Vivamus tortor. Duis mattis egestas metus.,true,false,false
finance_manager,htruswellq@edublogs.org,62d3b9a0fc13ae55b700020f,Suspendisse potenti. In eleifend quam a odio. In hac habitasse platea dictumst.,false,true,true
finance_manager,hluckingsn@yandex.ru,62d3b9a0fc13ae55b7000210,Nulla ut erat id mauris vulputate elementum. Nullam varius. Nulla facilisi.,true,false,true
finance_manager,mgulliman1d@sciencedaily.com,62d3b9a0fc13ae55b7000211,"In sagittis dui vel nisl. Duis ac nibh. Fusce lacus purus, aliquet at, feugiat non, pretium quis, lectus.",true,true,true
finance_manager,htruswellq@edublogs.org,62d3b9a0fc13ae55b7000212,Cras non velit nec nisi vulputate nonummy. Maecenas tincidunt lacus at velit. Vivamus vel nulla eget eros elementum pellentesque.,true,true,false
finance_manager,mburburoughv@constantcontact.com,62d3b9a0fc13ae55b7000213,Duis consequat dui nec nisi volutpat eleifend. Donec ut dolor. Morbi vel lectus in quam fringilla rhoncus.,true,true,true
finance_manager,htruswellq@edublogs.org,62d3b9a0fc13ae55b7000214,Praesent id massa id nisl venenatis lacinia. Aenean sit amet justo. Morbi ut odio.,true,true,true
finance_manager,raylingd@harvard.edu,62d3b9a0fc13ae55b7000215,"Morbi non lectus. Aliquam sit amet diam in magna bibendum imperdiet. Nullam orci pede, venenatis non, sodales sed, tincidunt eu, felis.",false,false,false
finance_manager,tpasfield17@who.int,62d3b9a0fc13ae55b7000216,In quis justo. Maecenas rhoncus aliquam lacus. Morbi quis tortor id nulla ultrices aliquet.,false,true,true
finance_manager,mtrillow@toplist.cz,62d3b9a0fc13ae55b7000217,Duis consequat dui nec nisi volutpat eleifend. Donec ut dolor. Morbi vel lectus in quam fringilla rhoncus.,true,false,true
finance_manager,mgulliman1d@sciencedaily.com,62d3b9a0fc13ae55b7000218,Aliquam quis turpis eget elit sodales scelerisque. Mauris sit amet eros. Suspendisse accumsan tortor quis turpis.,true,false,true
finance_manager,mtrillow@toplist.cz,62d3b9a0fc13ae55b7000219,Etiam vel augue. Vestibulum rutrum rutrum neque. Aenean auctor gravida sem.,true,true,false
finance_manager,lrainardj@ifeng.com,62d3b9a0fc13ae55b700021a,Fusce consequat. Nulla nisl. Nunc nisl.,true,true,true
finance_manager,raylingd@harvard.edu,62d3b9a0fc13ae55b700021b,Integer ac leo. Pellentesque ultrices mattis odio. Donec vitae nisi.,true,true,false
finance_manager,tpasfield17@who.int,62d3b9a0fc13ae55b700021c,Integer ac leo. Pellentesque ultrices mattis odio. Donec vitae nisi.,true,false,true
finance_manager,tpasfield17@who.int,62d3b9a0fc13ae55b700021d,In congue. Etiam justo. Etiam pretium iaculis justo.,true,true,true
finance_manager,lrainardj@ifeng.com,62d3b9a0fc13ae55b700021e,"In sagittis dui vel nisl. Duis ac nibh. Fusce lacus purus, aliquet at, feugiat non, pretium quis, lectus.",false,true,false
finance_manager,lrainardj@ifeng.com,62d3b9a0fc13ae55b700021f,Integer tincidunt ante vel ipsum. Praesent blandit lacinia erat. Vestibulum sed magna at nunc commodo placerat.,false,true,false
finance_manager,tpasfield17@who.int,62d3b9a0fc13ae55b7000220,Fusce consequat. Nulla nisl. Nunc nisl.,false,true,true
finance_manager,mtrillow@toplist.cz,62d3b9a0fc13ae55b7000221,Duis bibendum. Morbi non quam nec dui luctus rutrum. Nulla tellus.,false,true,false
finance_manager,hluckingsn@yandex.ru,62d3b9a0fc13ae55b7000222,Aliquam quis turpis eget elit sodales scelerisque. Mauris sit amet eros. Suspendisse accumsan tortor quis turpis.,false,true,false
finance_manager,tpasfield17@who.int,62d3b9a0fc13ae55b7000223,"In hac habitasse platea dictumst. Morbi vestibulum, velit id pretium iaculis, diam erat fermentum justo, nec condimentum neque sapien placerat ante. Nulla justo.",false,true,false
finance_manager,ilatusk@samsung.com,62d3b9a0fc13ae55b7000224,"Aenean fermentum. Donec ut mauris eget massa tempor convallis. Nulla neque libero, convallis eget, eleifend luctus, ultricies eu, nibh.",true,true,false
finance_manager,mburburoughv@constantcontact.com,62d3b9a0fc13ae55b7000225,Praesent id massa id nisl venenatis lacinia. Aenean sit amet justo. Morbi ut odio.,false,true,true
finance_manager,ytallquist1b@scribd.com,62d3b9a0fc13ae55b7000226,"Fusce posuere felis sed lacus. Morbi sem mauris, laoreet ut, rhoncus aliquet, pulvinar sed, nisl. Nunc rhoncus dui vel sem.",true,true,false
finance_manager,htruswellq@edublogs.org,62d3b9a0fc13ae55b7000227,"Vestibulum ac est lacinia nisi venenatis tristique. Fusce congue, diam id ornare imperdiet, sapien urna pretium nisl, ut volutpat sapien arcu sed augue. Aliquam erat volutpat.",false,false,false
finance_manager,lrainardj@ifeng.com,62d3b9a0fc13ae55b7000228,Sed ante. Vivamus tortor. Duis mattis egestas metus.,false,true,false
finance_manager,mguild19@reference.com,62d3b9a0fc13ae55b7000229,"Mauris enim leo, rhoncus sed, vestibulum sit amet, cursus id, turpis. Integer aliquet, massa id lobortis convallis, tortor risus dapibus augue, vel accumsan tellus nisi eu orci. Mauris lacinia sapien quis libero.",false,false,true
finance_manager,mtrillow@toplist.cz,62d3b9a0fc13ae55b700022a,"Duis bibendum, felis sed interdum venenatis, turpis enim blandit mi, in porttitor pede justo eu massa. Donec dapibus. Duis at velit eu est congue elementum.",false,false,true
finance_manager,tpasfield17@who.int,62d3b9a0fc13ae55b700022b,"Maecenas leo odio, condimentum id, luctus nec, molestie sed, justo. Pellentesque viverra pede ac diam. Cras pellentesque volutpat dui.",false,false,false
finance_manager,htruswellq@edublogs.org,62d3b9a0fc13ae55b700022c,"Aenean fermentum. Donec ut mauris eget massa tempor convallis. Nulla neque libero, convallis eget, eleifend luctus, ultricies eu, nibh.",false,true,true
finance_manager,ytallquist1b@scribd.com,62d3b9a0fc13ae55b700022d,Cras non velit nec nisi vulputate nonummy. Maecenas tincidunt lacus at velit. Vivamus vel nulla eget eros elementum pellentesque.,false,false,true
finance_manager,htruswellq@edublogs.org,62d3b9a0fc13ae55b700022e,"Cras mi pede, malesuada in, imperdiet et, commodo vulputate, justo. In blandit ultrices enim. Lorem ipsum dolor sit amet, consectetuer adipiscing elit.",true,true,true
finance_manager,mtrillow@toplist.cz,62d3b9a0fc13ae55b700022f,Integer tincidunt ante vel ipsum. Praesent blandit lacinia erat. Vestibulum sed magna at nunc commodo placerat.,true,false,false
finance_manager,ayaakov1c@npr.org,62d3b9a0fc13ae55b7000230,Fusce consequat. Nulla nisl. Nunc nisl.,false,true,false
finance_manager,mguild19@reference.com,62d3b9a0fc13ae55b7000231,Integer ac leo. Pellentesque ultrices mattis odio. Donec vitae nisi.,false,true,true
finance_manager,raylingd@harvard.edu,62d3b9a0fc13ae55b7000232,In hac habitasse platea dictumst. Etiam faucibus cursus urna. Ut tellus.,false,true,false
finance_manager,hluckingsn@yandex.ru,62d3b9a0fc13ae55b7000233,Nulla ut erat id mauris vulputate elementum. Nullam varius. Nulla facilisi.,false,false,false
finance_manager,ytallquist1b@scribd.com,62d3b9a0fc13ae55b7000234,"Maecenas tristique, est et tempus semper, est quam pharetra magna, ac consequat metus sapien ut nunc. Vestibulum ante ipsum primis in faucibus orci luctus et ultrices posuere cubilia Curae; Mauris viverra diam vitae quam. Suspendisse potenti.",true,false,true
finance_manager,htruswellq@edublogs.org,62d3b9a0fc13ae55b7000235,"Proin interdum mauris non ligula pellentesque ultrices. Phasellus id sapien in sapien iaculis congue. Vivamus metus arcu, adipiscing molestie, hendrerit at, vulputate vitae, nisl.",false,false,true
finance_manager,tpasfield17@who.int,62d3b9a0fc13ae55b7000236,"Morbi non lectus. Aliquam sit amet diam in magna bibendum imperdiet. Nullam orci pede, venenatis non, sodales sed, tincidunt eu, felis.",true,true,false
finance_manager,mguild19@reference.com,62d3b9a0fc13ae55b7000237,Suspendisse potenti. In eleifend quam a odio. In hac habitasse platea dictumst.,false,false,false
finance_manager,ytallquist1b@scribd.com,62d3b9a0fc13ae55b7000238,"Morbi non lectus. Aliquam sit amet diam in magna bibendum imperdiet. Nullam orci pede, venenatis non, sodales sed, tincidunt eu, felis.",false,true,true
finance_manager,mburburoughv@constantcontact.com,62d3b9a0fc13ae55b7000239,Phasellus sit amet erat. Nulla tempus. Vivamus in felis eu sapien cursus vestibulum.,false,true,true
finance_manager,mgulliman1d@sciencedaily.com,62d3b9a0fc13ae55b700023a,"In sagittis dui vel nisl. Duis ac nibh. Fusce lacus purus, aliquet at, feugiat non, pretium quis, lectus.",false,false,true
finance_manager,htruswellq@edublogs.org,62d3b9a0fc13ae55b700023b,"Duis bibendum, felis sed interdum venenatis, turpis enim blandit mi, in porttitor pede justo eu massa. Donec dapibus. Duis at velit eu est congue elementum.",true,true,true
finance_manager,tpasfield17@who.int,62d3b9a0fc13ae55b700023c,"Nam ultrices, libero non mattis pulvinar, nulla pede ullamcorper augue, a suscipit nulla elit ac nulla. Sed vel enim sit amet nunc viverra dapibus. Nulla suscipit ligula in lacus.",false,false,false
finance_manager,ytallquist1b@scribd.com,62d3b9a0fc13ae55b700023d,"Vestibulum quam sapien, varius ut, blandit non, interdum in, ante. Vestibulum ante ipsum primis in faucibus orci luctus et ultrices posuere cubilia Curae; Duis faucibus accumsan odio. Curabitur convallis.",false,true,true
finance_manager,ayaakov1c@npr.org,62d3b9a0fc13ae55b700023e,"Aenean fermentum. Donec ut mauris eget massa tempor convallis. Nulla neque libero, convallis eget, eleifend luctus, ultricies eu, nibh.",true,true,false
finance_manager,mguild19@reference.com,62d3b9a0fc13ae55b700023f,"Cras mi pede, malesuada in, imperdiet et, commodo vulputate, justo. In blandit ultrices enim. Lorem ipsum dolor sit amet, consectetuer adipiscing elit.",false,false,false
finance_manager,ayaakov1c@npr.org,62d3b9a0fc13ae55b7000240,"Cras mi pede, malesuada in, imperdiet et, commodo vulputate, justo. In blandit ultrices enim. Lorem ipsum dolor sit amet, consectetuer adipiscing elit.",true,false,false
finance_manager,hluckingsn@yandex.ru,62d3b9a0fc13ae55b7000241,Nullam porttitor lacus at turpis. Donec posuere metus vitae ipsum. Aliquam non mauris.,false,false,true
finance_manager,hluckingsn@yandex.ru,62d3b9a0fc13ae55b7000242,"Morbi porttitor lorem id ligula. Suspendisse ornare consequat lectus. In est risus, auctor sed, tristique in, tempus sit amet, sem.",false,false,false
finance_manager,tpasfield17@who.int,62d3b9a0fc13ae55b7000243,Aenean lectus. Pellentesque eget nunc. Donec quis orci eget orci vehicula condimentum.,true,false,false
finance_manager,raylingd@harvard.edu,62d3b9a0fc13ae55b7000244,"Cum sociis natoque penatibus et magnis dis parturient montes, nascetur ridiculus mus. Vivamus vestibulum sagittis sapien. Cum sociis natoque penatibus et magnis dis parturient montes, nascetur ridiculus mus.",true,true,false
finance_manager,ayaakov1c@npr.org,62d3b9a0fc13ae55b7000245,Praesent id massa id nisl venenatis lacinia. Aenean sit amet justo. Morbi ut odio.,false,true,true
finance_manager,mguild19@reference.com,62d3b9a0fc13ae55b7000246,"Fusce posuere felis sed lacus. Morbi sem mauris, laoreet ut, rhoncus aliquet, pulvinar sed, nisl. Nunc rhoncus dui vel sem.",true,false,false
finance_manager,mguild19@reference.com,62d3b9a0fc13ae55b7000247,"Vestibulum quam sapien, varius ut, blandit non, interdum in, ante. Vestibulum ante ipsum primis in faucibus orci luctus et ultrices posuere cubilia Curae; Duis faucibus accumsan odio. Curabitur convallis.",false,false,true
finance_manager,hluckingsn@yandex.ru,62d3b9a0fc13ae55b7000248,"Proin eu mi. Nulla ac enim. In tempor, turpis nec euismod scelerisque, quam turpis adipiscing lorem, vitae mattis nibh ligula nec sem.",true,false,true
finance_manager,ayaakov1c@npr.org,62d3b9a0fc13ae55b7000249,Suspendisse potenti. In eleifend quam a odio. In hac habitasse platea dictumst.,false,false,false
finance_manager,ayaakov1c@npr.org,62d3b9a0fc13ae55b700024a,Nulla ut erat id mauris vulputate elementum. Nullam varius. Nulla facilisi.,true,false,true
finance_manager,mtrillow@toplist.cz,62d3b9a0fc13ae55b700024b,Fusce consequat. Nulla nisl. Nunc nisl.,false,true,false
finance_manager,hluckingsn@yandex.ru,62d3b9a0fc13ae55b700024c,"In sagittis dui vel nisl. Duis ac nibh. Fusce lacus purus, aliquet at, feugiat non, pretium quis, lectus.",true,false,false
finance_manager,lrainardj@ifeng.com,62d3b9a0fc13ae55b700024d,"In hac habitasse platea dictumst. Morbi vestibulum, velit id pretium iaculis, diam erat fermentum justo, nec condimentum neque sapien placerat ante. Nulla justo.",false,true,true
finance_manager,raylingd@harvard.edu,62d3b9a0fc13ae55b700024e,Fusce consequat. Nulla nisl. Nunc nisl.,false,false,false
finance_manager,ilatusk@samsung.com,62d3b9a0fc13ae55b700024f,Etiam vel augue. Vestibulum rutrum rutrum neque. Aenean auctor gravida sem.,true,false,true
finance_manager,raylingd@harvard.edu,62d3b9a0fc13ae55b7000250,"Lorem ipsum dolor sit amet, consectetuer adipiscing elit. Proin risus. Praesent lectus.",false,false,false
finance_manager,mtrillow@toplist.cz,62d3b9a0fc13ae55b7000251,"Vestibulum ac est lacinia nisi venenatis tristique. Fusce congue, diam id ornare imperdiet, sapien urna pretium nisl, ut volutpat sapien arcu sed augue. Aliquam erat volutpat.",false,false,false
finance_manager,mburburoughv@constantcontact.com,62d3b9a0fc13ae55b7000252,"Nam ultrices, libero non mattis pulvinar, nulla pede ullamcorper augue, a suscipit nulla elit ac nulla. Sed vel enim sit amet nunc viverra dapibus. Nulla suscipit ligula in lacus.",false,true,true
finance_manager,mguild19@reference.com,62d3b9a0fc13ae55b7000253,"Sed sagittis. Nam congue, risus semper porta volutpat, quam pede lobortis ligula, sit amet eleifend pede libero quis orci. Nullam molestie nibh in lectus.",true,false,false
finance_manager,tpasfield17@who.int,62d3b9a0fc13ae55b7000254,Nullam sit amet turpis elementum ligula vehicula consequat. Morbi a ipsum. Integer a nibh.,true,false,true
finance_manager,lrainardj@ifeng.com,62d3b9a0fc13ae55b7000255,Nullam sit amet turpis elementum ligula vehicula consequat. Morbi a ipsum. Integer a nibh.,false,false,false
finance_manager,mburburoughv@constantcontact.com,62d3b9a0fc13ae55b7000256,Nulla ut erat id mauris vulputate elementum. Nullam varius. Nulla facilisi.,false,false,false
finance_manager,htruswellq@edublogs.org,62d3b9a0fc13ae55b7000257,"Duis bibendum, felis sed interdum venenatis, turpis enim blandit mi, in porttitor pede justo eu massa. Donec dapibus. Duis at velit eu est congue elementum.",true,false,true
finance_manager,mtrillow@toplist.cz,62d3b9a0fc13ae55b7000258,Integer ac leo. Pellentesque ultrices mattis odio. Donec vitae nisi.,false,false,false
finance_manager,htruswellq@edublogs.org,62d3b9a0fc13ae55b7000259,"Sed sagittis. Nam congue, risus semper porta volutpat, quam pede lobortis ligula, sit amet eleifend pede libero quis orci. Nullam molestie nibh in lectus.",true,false,false
finance_manager,tpasfield17@who.int,62d3b9a0fc13ae55b700025a,"Duis bibendum, felis sed interdum venenatis, turpis enim blandit mi, in porttitor pede justo eu massa. Donec dapibus. Duis at velit eu est congue elementum.",false,false,false
finance_manager,ilatusk@samsung.com,62d3b9a0fc13ae55b700025b,Praesent id massa id nisl venenatis lacinia. Aenean sit amet justo. Morbi ut odio.,false,true,true
finance_manager,lrainardj@ifeng.com,62d3b9a0fc13ae55b700025c,Nullam sit amet turpis elementum ligula vehicula consequat. Morbi a ipsum. Integer a nibh.,false,false,true
finance_manager,lrainardj@ifeng.com,62d3b9a0fc13ae55b700025d,Duis consequat dui nec nisi volutpat eleifend. Donec ut dolor. Morbi vel lectus in quam fringilla rhoncus.,true,true,false
finance_manager,mburburoughv@constantcontact.com,62d3b9a0fc13ae55b700025e,Duis consequat dui nec nisi volutpat eleifend. Donec ut dolor. Morbi vel lectus in quam fringilla rhoncus.,false,false,false
finance_manager,ilatusk@samsung.com,62d3b9a0fc13ae55b700025f,Nullam sit amet turpis elementum ligula vehicula consequat. Morbi a ipsum. Integer a nibh.,true,false,false
finance_manager,htruswellq@edublogs.org,62d3b9a0fc13ae55b7000260,Sed ante. Vivamus tortor. Duis mattis egestas metus.,true,true,false
finance_manager,ilatusk@samsung.com,62d3b9a0fc13ae55b7000261,Nulla ut erat id mauris vulputate elementum. Nullam varius. Nulla facilisi.,false,false,true
finance_manager,mgulliman1d@sciencedaily.com,62d3b9a0fc13ae55b7000262,"Morbi non lectus. Aliquam sit amet diam in magna bibendum imperdiet. Nullam orci pede, venenatis non, sodales sed, tincidunt eu, felis.",true,true,false
finance_manager,raylingd@harvard.edu,62d3b9a0fc13ae55b7000263,Pellentesque at nulla. Suspendisse potenti. Cras in purus eu magna vulputate luctus.,false,false,false
finance_manager,ayaakov1c@npr.org,62d3b9a0fc13ae55b7000264,"Praesent blandit. Nam nulla. Integer pede justo, lacinia eget, tincidunt eget, tempus vel, pede.",true,true,false
finance_manager,mtrillow@toplist.cz,62d3b9a0fc13ae55b7000265,Duis consequat dui nec nisi volutpat eleifend. Donec ut dolor. Morbi vel lectus in quam fringilla rhoncus.,false,false,false
finance_manager,ilatusk@samsung.com,62d3b9a0fc13ae55b7000266,Duis consequat dui nec nisi volutpat eleifend. Donec ut dolor. Morbi vel lectus in quam fringilla rhoncus.,true,false,true
finance_manager,ytallquist1b@scribd.com,62d3b9a0fc13ae55b7000267,Duis consequat dui nec nisi volutpat eleifend. Donec ut dolor. Morbi vel lectus in quam fringilla rhoncus.,false,true,false
finance_manager,tpasfield17@who.int,62d3b9a0fc13ae55b7000268,Duis bibendum. Morbi non quam nec dui luctus rutrum. Nulla tellus.,false,true,true
finance_manager,ayaakov1c@npr.org,62d3b9a0fc13ae55b7000269,"Lorem ipsum dolor sit amet, consectetuer adipiscing elit. Proin risus. Praesent lectus.",true,true,true
finance_manager,hluckingsn@yandex.ru,62d3b9a0fc13ae55b700026a,"Donec diam neque, vestibulum eget, vulputate ut, ultrices vel, augue. Vestibulum ante ipsum primis in faucibus orci luctus et ultrices posuere cubilia Curae; Donec pharetra, magna vestibulum aliquet ultrices, erat tortor sollicitudin mi, sit amet lobortis sapien sapien non mi. Integer ac neque.",true,false,false
finance_manager,lrainardj@ifeng.com,62d3b9a0fc13ae55b700026b,"Nam ultrices, libero non mattis pulvinar, nulla pede ullamcorper augue, a suscipit nulla elit ac nulla. Sed vel enim sit amet nunc viverra dapibus. Nulla suscipit ligula in lacus.",false,false,true
finance_manager,hluckingsn@yandex.ru,62d3b9a0fc13ae55b700026c,"Sed sagittis. Nam congue, risus semper porta volutpat, quam pede lobortis ligula, sit amet eleifend pede libero quis orci. Nullam molestie nibh in lectus.",false,true,false
finance_manager,mgulliman1d@sciencedaily.com,62d3b9a0fc13ae55b700026d,Nullam porttitor lacus at turpis. Donec posuere metus vitae ipsum. Aliquam non mauris.,false,true,true
finance_manager,tpasfield17@who.int,62d3b9a0fc13ae55b700026e,Nulla ut erat id mauris vulputate elementum. Nullam varius. Nulla facilisi.,false,false,true
finance_manager,hluckingsn@yandex.ru,62d3b9a0fc13ae55b700026f,"Curabitur in libero ut massa volutpat convallis. Morbi odio odio, elementum eu, interdum eu, tincidunt in, leo. Maecenas pulvinar lobortis est.",true,true,true
finance_manager,mguild19@reference.com,62d3b9a0fc13ae55b7000270,Nullam sit amet turpis elementum ligula vehicula consequat. Morbi a ipsum. Integer a nibh.,false,true,true
finance_manager,mguild19@reference.com,62d3b9a0fc13ae55b7000271,Cras non velit nec nisi vulputate nonummy. Maecenas tincidunt lacus at velit. Vivamus vel nulla eget eros elementum pellentesque.,true,false,false
finance_manager,hluckingsn@yandex.ru,62d3b9a0fc13ae55b7000272,Aenean lectus. Pellentesque eget nunc. Donec quis orci eget orci vehicula condimentum.,false,false,false
finance_manager,ayaakov1c@npr.org,62d3b9a0fc13ae55b7000273,Nullam porttitor lacus at turpis. Donec posuere metus vitae ipsum. Aliquam non mauris.,true,true,false
finance_manager,hluckingsn@yandex.ru,62d3b9a0fc13ae55b7000274,"Maecenas leo odio, condimentum id, luctus nec, molestie sed, justo. Pellentesque viverra pede ac diam. Cras pellentesque volutpat dui.",true,false,true
finance_manager,ayaakov1c@npr.org,62d3b9a0fc13ae55b7000275,Phasellus in felis. Donec semper sapien a libero. Nam dui.,true,true,true
